[
  {
    "name": "Custom",
    "feature": "Custom",
    "feature_desc": "To customize a background, you can replace one feature with any other one, choose any two skills, and choose a total of two tool proficiencies or languages from the sample backgrounds.",
    "skills_count_choose": 2,
    "skills": ["Acrobatics","Animal Handling","Arcana","Athletics","Deception","History","Insight","Intimidation","Investigation","Medicine","Nature","Perception","Performance","Persuasion","Religion","Sleight of Hand","Stealth","Survival"]
  },  
  {
    "name": "Anthropologist",
    "feature": "Adept Linguist",
    "feature_desc": "You can communicate with humanoids who don’t speak any language you know. You must observe the humanoids interacting with one another for at least 1 day, after which you learn a handful of important words, expressions, and gestures—enough to communicate on a rudimentary level. Also gain proficiency in 2 languages of your choice.",
    "skills_count_choose": 0,
    "skills": ["Insight","Religion"]
  },
  {
    "name": "Archaeologist",
    "feature": "Historical Knowledge",
    "feature_desc": "When you enter a ruin or dungeon, you can correctly ascertain its original purpose and determine its builders, whether those were dwarves, elves, humans, yuan-ti, or some other known race. In addition, you can determine the monetary value of art objects more than a century old. Gain proficiency in Cartographer's or Navigators Tools, and one language.",
    "skills_count_choose": 0,
    "skills": ["History","Survival"]
  },
  {
    "name": "Azorius Functionary",
    "feature": "Legal Authority",
    "feature_desc": "You have the authority to enforce the laws of Ravnica, and that status inspires a certain amount of respect and even fear in the populace. People mind their manners in your presence and avoid drawing your attention; they assume you have the right to be wherever you are. Showing your Azorius insignia gets you an audience with anyone you want to talk to (though it might cause more problems than it solves when you’re dealing with incorrigible lawbreakers). If you abuse this privilege, though, you can get in serious trouble with your superiors and even be stripped of your position. Also gain proficiency in 2 languages of your choice.",
    "skills_count_choose": 0,
    "skills": ["Insight","Intimidation"]
  },
  {
    "name": "Boros Legionnaire",
    "feature": "Legion Station",
    "feature_desc": "You have an established place in the hierarchy of the Boros Legion. You can requisition simple equipment for temporary use, and you can gain access to any Boros garrison in Ravnica, where you can rest in safety and receive the attention of medics. You are also paid a salary of 1 gp (a Boros-minted 1-zino coin) per week, which (combined with free lodging in your garrison) enables you to maintain a poor lifestyle between adventures. Also gain proficiency in 1 gaming set and 1 language.",
    "skills_count_choose": 0,
    "skills": ["Athletics","Intimidation"]
  },
  {
    "name": "Charlatan",
    "feature": "False Identity",
    "feature_desc": "You have created a second identity that includes documentation, established acquaintances, and disguises that allow you to assume that persona. Additionally, you can forge documents including official papers and personal letters, as long as you have seen an example of the kind of document or the handwriting you are trying to copy. Also gain proficiency in Disguise and Forgery Kits.",
    "skills_count_choose": 0,
    "skills": ["Deception","Sleight of Hand"]
  },
  {
    "name": "City Watch/Investigator",
    "feature": "Watcher's Eye",
    "feature_desc": "Your experience in enforcing the law, and dealing with lawbreakers, gives you a feel for local laws and criminals. You can easily find the local outpost of the watch or a similar organization, and just as easily pick out the dens of criminal activity in a community, although you’re more likely to be welcome in the former locations rather than the latter. Also gain proficiency in 2 languages of your choice.",
    "skills_count_choose": 0,
    "skills": ["Athletics","Insight"]
  },
  {
    "name": "Clan Crafter",
    "feature": "Respect of the Stout Folk",
    "feature_desc": "As well respected as clan crafters are among outsiders, no one esteems them quite so highly as dwarves do. You always have free room and board in any place where shield dwarves or gold dwarves dwell, and the individuals in such a settlement might vie among themselves to determine who can offer you (and possibly your compatriots) the finest accommodations and assistance. Also gain proficiency in 1 artisan tool, and learn Dwarvish.",
    "skills_count_choose": 0,
    "skills": ["Insight","History"]
  },
  {
    "name": "Cloistered Scholar",
    "feature": "Library Access",
    "feature_desc": "Though others must often endure extensive interviews and significant fees to gain access to even the most common archives in your library, you have free and easy access to the majority of the library, though it might also have repositories of lore that are too valuable, magical, or secret to permit anyone immediate access. You have a working knowledge of your cloister’s personnel and bureaucracy, and you know how to navigate those connections with some ease. Additionally, you are likely to gain preferential treatment at other libraries across the Realms, as professional courtesy shown to a fellow scholar. Also gain proficiency in 2 languages of your choice.",
    "skills_count_choose": 2,
    "skills": ["History","Arcana","Nature","Religion"]
  },
  {
    "name": "Dimir Operative",
    "feature": "False Identity",
    "feature_desc": "You have more than one identity. The one you wear most of the time makes you appear to be a member of a guild other than House Dimir. You have documentation, established acquaintances, and disguises that allow you to assume that persona and fit into the secondary guild. Whenever you choose, you can drop this identity and blend into the guildless masses of the city. Consider why you’re embedded in the secondary guild. Create a story with your DM, inspired by rolling on the following table or choosing a reason that suits you. Also gain proficiency in Disguise Kits, and 1 language of your choice.",
    "skills_count_choose": 0,
    "skills": ["Deception","Stealth"]
  },
  {
    "name": "Entertainer",
    "feature": "By Popular Demand",
    "feature_desc": "You can always find a place to perform, usually in an inn or tavern but possibly with a circus, at a theater, or even in a noble’s court. At such a place, you receive free lodging and food of a modest or comfortable standard (depending on the quality of the establishment), as long as you perform each night. In addition, your performance makes you something of a local figure. When strangers recognize you in a town where you have performed, they typically take a liking to you. Also gain proficiency in Disguise Kits, and one musical instrument.",
    "skills_count_choose": 0,
    "skills": ["Acrobatics","Performance"]
  },
  {
    "name": "Faction Agent",
    "feature": "Safe Haven",
    "feature_desc": "As a faction agent, you have access to a secret network of supporters and operatives who can provide assistance on your adventures. You know a set of secret signs and passwords you can use to identify such operatives, who can provide you with access to a hidden safe house, free room and board, or assistance in finding information. These agents never risk their lives for you or risk revealing their true identities. Also gain proficiency in 2 languages of your choice.",
    "skills_count_choose": 2,
    "skills": ["Insight","Animal Handling","Arcana","Deception","Intimidation","Medicine","Nature","Perception","Performance","Persuasion","Religion","Survival"]
  },
  {
    "name": "Far Traveler",
    "feature": "All Eyes on You",
    "feature_desc": "Your accent, mannerisms, figures of speech, and perhaps even your appearance all mark you as foreign. Curious glances are directed your way wherever you go, which can be a nuisance, but you also gain the friendly interest of scholars and others intrigued by far-off lands, to say nothing of everyday folk who are eager to hear stories of your homeland. You can parley this attention into access to people and places you might not otherwise have, for you and your traveling companions. Noble lords, scholars, and merchant princes, to name a few, might be interested in hearing about your distant homeland and people. Choose 1 language and instrument or gaming set to be proficiency in.",
    "skills_count_choose": 0,
    "skills": ["Insight","Perception"]
  },
  {
    "name": "Gladiator",
    "feature": "By Popular Demand",
    "feature_desc": "You can always find a place to perform in any place that features combat for entertainment — perhaps a gladiatorial arena or secret pit fighting club. At such a place, you receive free lodging and food of a modest or comfortable standard (depending on the quality of the establishment), as long as you perform each night. In addition, your performance makes you something of a local figure. When strangers recognize you in a town where you have performed, they typically take a liking to you. Gain proficiency in disguise kits and one instrument.",
    "skills_count_choose": 0,
    "skills": ["Acrobatics","Performance"]
  },
  {
    "name": "Golgari Agent",
    "feature": "Undercity Paths",
    "feature_desc": "You know hidden, underground pathways that you can use to bypass crowds, obstacles, and observation as you move through the city. When you aren’t in combat, you and companions you lead can travel between any two locations in the city twice as fast as your speed would normally allow. The paths of the undercity are haunted by dangers that rarely brave the light of the surface world, so your journey isn’t guaranteed to be safe. Gain proficiency in poisoner's kits and 1 language.",
    "skills_count_choose": 0,
    "skills": ["Nature","Survival"]
  },
  {
    "name": "Gruul Anarch",
    "feature": "Rubblebelt Refuge",
    "feature_desc": "You are intimately familiar with areas of the city that most people shun: ruined neighborhoods where wurms rampaged, overgrown parks that no hand has tended in decades, and the vast, sprawling rubblebelts of broken terrain that civilized folk have long abandoned. You can find a suitable place for you and your allies to hide or rest in these areas. In addition, you can find food and fresh water in these areas for yourself and up to five other people each day. Gain proficiency in herbalism kits and 1 language.",
    "skills_count_choose": 0,
    "skills": ["Animal Handling","Athletics"]
  },
  {
    "name": "Guild Artisan / Guild Merchant",
    "feature": "Guild Membership",
    "feature_desc": "As an established and respected member of a guild, you can rely on certain benefits that membership provides. Your fellow guild members will provide you with lodging and food if necessary, and pay for your funeral if needed. In some cities and towns, a guildhall offers a central place to meet other members of your profession, which can be a good place to meet potential patrons, allies, or hirelings. Guilds often wield tremendous political power. If you are accused of a crime, your guild will support you if a good case can be made for your innocence or the crime is justifiable. You can also gain access to powerful political figures through the guild, if you are a member in good standing. Such connections might require the donation of money or magic items to the guild’s coffers. You must pay dues of 5 gp per month to the guild. If you miss payments, you must make up back dues to remain in the guild’s good graces. Gain proficiency in 1 artisan tool and 1 language.",
    "skills_count_choose": 0,
    "skills": ["Insight","Persuasion"]
  },
  {
    "name": "Haunted One",
    "feature": "Heart of Darkness",
    "feature_desc": "Those who look into your eyes can see that you have faced unimaginable horror and that you are no stranger to darkness. Though they might fear you, commoners will extend you every courtesy and do their utmost to help you. Unless you have shown yourself to be a danger to them, they will even take up arms to fight alongside you, should you find yourself facing an enemy alone. Also learn 2 languages.",
    "skills_count_choose": 2,
    "skills": ["Arcana","Investigation","Religion","Survival"]
  },
  {
    "name": "Hermit",
    "feature": "Discovery",
    "feature_desc": "The quiet seclusion of your extended hermitage gave you access to a unique and powerful discovery. The exact nature of this revelation depends on the nature of your seclusion. It might be a great truth about the cosmos, the deities, the powerful beings of the outer planes, or the forces of nature. It could be a site that no one else has ever seen. You might have uncovered a fact that has long been forgotten, or unearthed some relic of the past that could rewrite history. It might be information that would be damaging to the people who or consigned you to exile, and hence the reason for your return to society. Work with your DM to determine the details of your discovery and its impact on the campaign. Gain proficiency in herbalism kits and 1 language.",
    "skills_count_choose": 0,
    "skills": ["Medicine","Religion"]
  },
  {
    "name": "House Agent (Cannith)",
    "feature": "House Connections",
    "feature_desc": "As an agent of your house, you can always get food and lodging for yourself and your friends at a house enclave. When the house assigns you a mission, it will usually provide you with the necessary supplies and transportation. Beyond this, you have many old friends, mentors, and rivals in your house, and you may encounter one of them when you interact with a house business. The degree to which such acquaintances are willing to help you depends on your current standing in your house. Gain proficiency in alchemist's supplies and tinker's tools.",
    "skills_count_choose": 0,
    "skills": ["Investigation","Persuasion"]
  },
  {
    "name": "House Agent (Deneith)",
    "feature": "House Connections",
    "feature_desc": "As an agent of your house, you can always get food and lodging for yourself and your friends at a house enclave. When the house assigns you a mission, it will usually provide you with the necessary supplies and transportation. Beyond this, you have many old friends, mentors, and rivals in your house, and you may encounter one of them when you interact with a house business. The degree to which such acquaintances are willing to help you depends on your current standing in your house. Gain proficiency in land vehicles and 1 game set.",
    "skills_count_choose": 0,
    "skills": ["Investigation","Persuasion"]
  },
  {
    "name": "House Agent (Ghallanda)",
    "feature": "House Connections",
    "feature_desc": "As an agent of your house, you can always get food and lodging for yourself and your friends at a house enclave. When the house assigns you a mission, it will usually provide you with the necessary supplies and transportation. Beyond this, you have many old friends, mentors, and rivals in your house, and you may encounter one of them when you interact with a house business. The degree to which such acquaintances are willing to help you depends on your current standing in your house. Gain proficiency in brewer's supplies and cook's utensils.",
    "skills_count_choose": 0,
    "skills": ["Investigation","Persuasion"]
  },
  {
    "name": "House Agent (Jorasco)",
    "feature": "House Connections",
    "feature_desc": "As an agent of your house, you can always get food and lodging for yourself and your friends at a house enclave. When the house assigns you a mission, it will usually provide you with the necessary supplies and transportation. Beyond this, you have many old friends, mentors, and rivals in your house, and you may encounter one of them when you interact with a house business. The degree to which such acquaintances are willing to help you depends on your current standing in your house. Gain proficiency in alchemist's supplies and herbalism kits.",
    "skills_count_choose": 0,
    "skills": ["Investigation","Persuasion"]
  },
  {
    "name": "House Agent (Kundarak)",
    "feature": "House Connections",
    "feature_desc": "As an agent of your house, you can always get food and lodging for yourself and your friends at a house enclave. When the house assigns you a mission, it will usually provide you with the necessary supplies and transportation. Beyond this, you have many old friends, mentors, and rivals in your house, and you may encounter one of them when you interact with a house business. The degree to which such acquaintances are willing to help you depends on your current standing in your house. Gain proficiency in tinker's tools and thieves' tools.",
    "skills_count_choose": 0,
    "skills": ["Investigation","Persuasion"]
  },
  {
    "name": "House Agent (Lyrandar)",
    "feature": "House Connections",
    "feature_desc": "As an agent of your house, you can always get food and lodging for yourself and your friends at a house enclave. When the house assigns you a mission, it will usually provide you with the necessary supplies and transportation. Beyond this, you have many old friends, mentors, and rivals in your house, and you may encounter one of them when you interact with a house business. The degree to which such acquaintances are willing to help you depends on your current standing in your house. Gain proficiency in water vehicles and navigator's tools.",
    "skills_count_choose": 0,
    "skills": ["Investigation","Persuasion"]
  },
  {
    "name": "House Agent (Medani)",
    "feature": "House Connections",
    "feature_desc": "As an agent of your house, you can always get food and lodging for yourself and your friends at a house enclave. When the house assigns you a mission, it will usually provide you with the necessary supplies and transportation. Beyond this, you have many old friends, mentors, and rivals in your house, and you may encounter one of them when you interact with a house business. The degree to which such acquaintances are willing to help you depends on your current standing in your house. Gain proficiency in thieves' tools and disguise kits.",
    "skills_count_choose": 0,
    "skills": ["Investigation","Persuasion"]
  },
  {
    "name": "House Agent (Orien)",
    "feature": "House Connections",
    "feature_desc": "As an agent of your house, you can always get food and lodging for yourself and your friends at a house enclave. When the house assigns you a mission, it will usually provide you with the necessary supplies and transportation. Beyond this, you have many old friends, mentors, and rivals in your house, and you may encounter one of them when you interact with a house business. The degree to which such acquaintances are willing to help you depends on your current standing in your house. Gain proficiency in land vehicles and 1 game set.",
    "skills_count_choose": 0,
    "skills": ["Investigation","Persuasion"]
  },
  {
    "name": "House Agent (Phiarlan)",
    "feature": "House Connections",
    "feature_desc": "As an agent of your house, you can always get food and lodging for yourself and your friends at a house enclave. When the house assigns you a mission, it will usually provide you with the necessary supplies and transportation. Beyond this, you have many old friends, mentors, and rivals in your house, and you may encounter one of them when you interact with a house business. The degree to which such acquaintances are willing to help you depends on your current standing in your house. Gain proficiency in disguise kits and 1 instrument.",
    "skills_count_choose": 0,
    "skills": ["Investigation","Persuasion"]
  },
  {
    "name": "House Agent (Sivis)",
    "feature": "House Connections",
    "feature_desc": "As an agent of your house, you can always get food and lodging for yourself and your friends at a house enclave. When the house assigns you a mission, it will usually provide you with the necessary supplies and transportation. Beyond this, you have many old friends, mentors, and rivals in your house, and you may encounter one of them when you interact with a house business. The degree to which such acquaintances are willing to help you depends on your current standing in your house. Gain proficiency in calligrapher's supplies and forgery kits.",
    "skills_count_choose": 0,
    "skills": ["Investigation","Persuasion"]
  },
  {
    "name": "House Agent (Tharashk)",
    "feature": "House Connections",
    "feature_desc": "As an agent of your house, you can always get food and lodging for yourself and your friends at a house enclave. When the house assigns you a mission, it will usually provide you with the necessary supplies and transportation. Beyond this, you have many old friends, mentors, and rivals in your house, and you may encounter one of them when you interact with a house business. The degree to which such acquaintances are willing to help you depends on your current standing in your house. Gain proficiency in thieves' tools and 1 game set.",
    "skills_count_choose": 0,
    "skills": ["Investigation","Persuasion"]
  },
  {
    "name": "House Agent (Thuranni)",
    "feature": "House Connections",
    "feature_desc": "As an agent of your house, you can always get food and lodging for yourself and your friends at a house enclave. When the house assigns you a mission, it will usually provide you with the necessary supplies and transportation. Beyond this, you have many old friends, mentors, and rivals in your house, and you may encounter one of them when you interact with a house business. The degree to which such acquaintances are willing to help you depends on your current standing in your house. Gain proficiency in poisoner's kits and 1 instrument.",
    "skills_count_choose": 0,
    "skills": ["Investigation","Persuasion"]
  },
  {
    "name": "House Agent (Vadalis)",
    "feature": "House Connections",
    "feature_desc": "As an agent of your house, you can always get food and lodging for yourself and your friends at a house enclave. When the house assigns you a mission, it will usually provide you with the necessary supplies and transportation. Beyond this, you have many old friends, mentors, and rivals in your house, and you may encounter one of them when you interact with a house business. The degree to which such acquaintances are willing to help you depends on your current standing in your house. Gain proficiency in land vehicles and herbalism kits.",
    "skills_count_choose": 0,
    "skills": ["Investigation","Persuasion"]
  },
  {
    "name": "Inheritor",
    "feature": "Inheritance",
    "feature_desc": "Choose or randomly determine your inheritance from among the possibilities in the table below. Work with your Dungeon Master to come up with details: Why is your inheritance so important, and what is its full story? You might prefer for the DM to invent these details as part of the game, allowing you to learn more about your inheritance as your character does. The Dungeon Master is free to use your inheritance as a story hook, sending you on quests to learn more about its history or true nature, or confronting you with foes who want to claim it for themselves or prevent you from learning what you seek. The DM also determines the properties of your inheritance and how they figure into the item’s history and importance. For instance, the object might be a minor magic item, or one that begins with a modest ability and increases in potency with the passage of time. Or, the true nature of your inheritance might not be apparent at first and is revealed only when certain conditions are met. When you begin your adventuring career, you can decide whether to tell your companions about your inheritance right away. Rather than attracting attention to yourself, you might want to keep your inheritance a secret until you learn more about what it means to you and what it can do for you. Gain proficiency in 1 musical instrument and 1 language.",
    "skills_count_choose": 2,
    "skills": ["Survival","Arcana","History","Religion"]
  },
  {
    "name": "Izzet Engineer",
    "feature": "Urban Infrastructure",
    "feature_desc": "The popular conception of the Izzet League is based on mad inventions, dangerous experiments, and explosive blasts. Much of that perception is accurate, but the league is also involved with mundane tasks of construction and architecture — primarily in crafting the infrastructure that allows Ravnicans to enjoy running water, levitating platforms, and other magical and technological wonders. You have a basic knowledge of the structure of buildings, including the stuff behind the walls. You can also find blueprints of a specific building in order to learn the details of its construction. Such blueprints might provide knowledge of entry points, structural weaknesses, or secret spaces. Your access to such information isn’t unlimited. If obtaining or using the information gets you in trouble with the law, the guild can’t shield you from the repercussions. Gain proficiency in 1 artisan tool and language.",
    "skills_count_choose": 2,
    "skills": ["Arcana","Investigation"]
  },
  {
    "name": "Knight",
    "feature": "Retainers",
    "feature_desc": "You have the service of three retainers loyal to your family. These retainers can be attendants or messengers, and one might be a majordomo. Your retainers are commoners who can perform mundane tasks for you, but they do not fight for you, will not follow you into obviously dangerous areas (such as dungeons), and will leave if they are frequently endangered or abused. Gain proficiency in 1 gaming set and language.",
    "skills_count_choose": 2,
    "skills": ["History","Persuasion"]
  },
  {
    "name": "Knight of the Order",
    "feature": "Knightly Regard",
    "feature_desc": "You receive shelter and succor from members of your knightly order and those who are sympathetic to its aims. If your order is a religious one, you can gain aid from temples and other religious communities of your deity. Knights of civic orders can get help from the community—whether a lone settlement or a great nation—that they serve, and knights of philosophical orders can find help from those they have aided in pursuit of their ideals, and those who share those ideals. This help comes in the form of shelter and meals, and healing when appropriate, as well as occasionally risky assistance, such as a band of local citizens rallying to aid a sorely pressed knight in a fight, or those who support the order helping to smuggle a knight out of town when he or she is being hunted unjustly. Gain proficiency in 1 language and musical instrument or gaming set.",
    "skills_count_choose": 2,
    "skills": ["Persuasion","Arcana","History","Nature","Religion"]
  },
  {
    "name": "Mercenary Veteran",
    "feature": "Mercenary Life",
    "feature_desc": "You know the mercenary life as only someone who has experienced it can. You are able to identify mercenary companies by their emblems, and you know a little about any such company, including the names and reputations of its commanders and leaders, and who has hired them recently. You can find the taverns and festhalls where mercenaries abide in any area, as long as you speak the language. You can find mercenary work between adventures sufficient to maintain a comfortable lifestyle (see “Practicing a Profession” under “Downtime Activities” in chapter 8 of the Player’s Handbook). Also gain proficiency in land vehicles and 1 gaming set.",
    "skills_count_choose": 0,
    "skills": ["Insight","Religion"]
  },
  {
    "name": "Orzhov Representative",
    "feature": "Leverage",
    "feature_desc": "You can exert leverage over one or more individuals below you in the guild’s hierarchy and demand their help as needs warrant. For example, you can have a message carried across a neighborhood, procure a short carriage ride without paying, or have others clean up a bloody mess you left in an alley. The DM decides if your demands are reasonable and if there are subordinates available to fulfill them. As your status in the guild improves, you gain influence over more people, including ones in greater positions of power. Gain proficiency in 2 languages of your choice.",
    "skills_count_choose": 0,
    "skills": ["Intimidation","Religion"]
  },
  {
    "name": "Outlander",
    "feature": "Wanderer",
    "feature_desc": "You have an excellent memory for maps and geography, and you can always recall the general layout of terrain, settlements, and other features around you. In addition, you can find food and fresh water for yourself and up to five other people each day, provided that the land offers berries, small game, water, and so forth. Gain proficiency in 1 musical instrument and 1 language.",
    "skills_count_choose": 0,
    "skills": ["Athletics","Survival"]
  },
  {
    "name": "Pirate",
    "feature": "Bad Reputation",
    "feature_desc": "No matter where you go, people are afraid of you due to your reputation. When you are in a civilized settlement, you can get away with minor criminal offenses, such as refusing to pay for food at a tavern or breaking down doors at a local shop, since most people will not report your activity to the authorities. Gain proficiency in navigator's tools and water vehicles.",
    "skills_count_choose": 0,
    "skills": ["Athletics","Perception"]
  },
  {
    "name": "Rakdos Cultist",
    "feature": "Fearsome Reputation",
    "feature_desc": "People recognize you as a member of the Cult of Rakdos, and they’re careful not to draw your anger or ridicule. You can get away with minor criminal offenses, such as refusing to pay for food at a restaurant or breaking down a door at a local shop, if no legal authorities witness the crime. Most people are too daunted by you to report your wrongdoing to the Azorius. Gain proficiency in 1 tool and language.",
    "skills_count_choose": 0,
    "skills": ["Acrobatics","Performance"]
  },
  {
    "name": "Sailor",
    "feature": "Ship's Passage",
    "feature_desc": "When you need to, you can secure free passage on a sailing ship for yourself and your adventuring companions. You might sail on the ship you served on, or another ship you have good relations with (perhaps one captained by a former crewmate). Because you're calling in a favor, you can't be certain of a schedule or route that will meet your every need. Your DM will determine how long it takes to get where you need to go. In return for your free passage, you and your companions are expected to assist the crew during the voyage. Also gain proficiency in Navigator's Tools and water vehicles",
    "skills_count_choose": 0,
    "skills": ["Athletics","Perception"]
  },
  {
    "name": "Selesnya Initiate",
    "feature": "Conclave's Shelter",
    "feature_desc": "As a member of the Selesnya Conclave, you can count on your guild mates to provide shelter and aid. You and your companions can find a place to hide or rest in any Selesnya enclave in the city, unless you have proven to be a danger to them. The members of the enclave will shield you from the law or anyone else searching for you, though they will not risk their lives in this effort. In addition, as a guild member you can receive free healing and care at a Selesnya enclave, though you must provide any material components needed for spells. Gain proficiency in 1 language and 1 musical instrument or artisan tool.",
    "skills_count_choose": 0,
    "skills": ["Nature","Persuasion"]
  },
  {
    "name": "Simic Scientist",
    "feature": "Researcher",
    "feature_desc": "When you attempt to learn or recall a magical or scientific fact, if you don’t know that information, you know where and from whom you can obtain it. Usually, this information comes from a Simic laboratory, or sometimes from an Izzet facility, a library, a university, or an independent scholar or other learned person or creature. Knowing where the information can be found doesn’t automatically enable you to learn it; you might need to offer bribes, favors, or other incentives to induce people to reveal their secrets. Your DM might rule that the knowledge you seek is secreted away in an inaccessible place, or that it simply can’t be found. Unearthing the deepest secrets of the multiverse can require an adventure or even a whole campaign. Gain proficiency in 2 languages.",
    "skills_count_choose": 0,
    "skills": ["Arcana","Medicine"]
  },
  {
    "name": "Urban Bounty Hunter",
    "feature": "Ear to the Ground",
    "feature_desc": "You are in frequent contact with people in the segment of society that your chosen quarries move through. These people might be associated with the criminal underworld, the rough-and-tumble folk of the streets, or members of high society. This connection comes in the form of a contact in any city you visit, a person who provides information about the people and places of the local area.  Gain proficiency in 2 of instruments, game sets, or thieves' tools.",
    "skills_count_choose": 2,
    "skills": ["Deception","Insight","Persuasion","Stealth"]
  },
  {
    "name": "Urchin",
    "feature": "City Secrets",
    "feature_desc": "You know the secret patterns and flow to cities and can find passages through the urban sprawl that others would miss. When you are not in combat, you (and companions you lead) can travel between any two locations in the city twice as fast as your speed would normally allow. Gain proficiency in disguise kits and thieves' tools.",
    "skills_count_choose": 0,
    "skills": ["Sleight of Hand","Stealth"]
  },
  {
    "name": "Uthgardt Tribe Member",
    "feature": "Uthgardt Heritage",
    "feature_desc": "You have an excellent knowledge of not only your tribe’s territory, but also the terrain and natural resources of the rest of the North. You are familiar enough with any wilderness area that you find twice as much food and water as you normally would when you forage there. Additionally, you can call upon the hospitality of your people, and those folk allied with your tribe, often including members of druid circles, tribes of nomadic elves, the Harpers, and the priesthoods devoted to the gods of the First Circle. Gain proficency in 1 language and 1 instrument or artisan tool.",
    "skills_count_choose": 0,
    "skills": ["Athletics","Survival"]
  },
  {
    "name": "Waterdhavian Noble",
    "feature": "Kept in Style",
    "feature_desc": "While you are in Waterdeep or elsewhere in the North, your house sees to your everyday needs. Your name and signet are sufficient to cover most of your expenses; the inns, taverns, and festhalls you frequent are glad to record your debt and send an accounting to your family’s estate in Waterdeep to settle what you owe. This advantage enables you to live a comfortable lifestyle without having to pay 2 gp a day for it, or reduces the cost of a wealthy or aristocratic lifestyle by that amount. You may not maintain a less affluent lifestyle and use the difference as income—the benefit is a line of credit, not an actual monetary reward. Gain proficiency in 1 language and 1 instrument or game set.",
    "skills_count_choose": 2,
    "skills": ["History","Persuasion"]
  }
]