[
  {
    "name": "Artificer",
    "hit_die": 8,
    "combat_resource": null,
    "skills_count_choose": 2,
    "skills": [
      "Arcana",
      "History",
      "Investigation",
      "Medicine",
      "Nature",
      "Perception",
      "Sleight of Hand"],
    "saving_throws": [
      "CON",
      "INT"
    ],
    "level_for_subclass": 3,
    "levels_for_asi_bonuses": [
      4,8,12,16,19
    ],
    "class_features": [
      {
        "name": "Magical Tinkering",
        "desc": "You’ve learned how to invest a spark of magic into mundane objects. To use this ability, you must have thieves’ tools or artisan’s tools in hand. You then touch a Tiny nonmagical object as an action and give it one of the following magical properties of your choice: \nThe object sheds bright light in a 5-foot radius and dim light for an additional 5 feet. \nWhenever tapped by a creature, the object emits a recorded message that can be heard up to 10 feet away. You utter the message when you bestow this property on the object, and the recording can be no more than 6 seconds long. \nThe object continuously emits your choice of an odor or a nonverbal sound (wind, waves, chirping, or the like). The chosen phenomenon is perceivable up to 10 feet away. \nA static visual effect appears on one of the object’s surfaces. This effect can be a picture, up to 25 words of text, lines and shapes, or a mixture of these elements, as you like. \nThe chosen property lasts indefinitely. As an action, you can touch the object and end the property early. \nYou can bestow magic on multiple objects, touching one object each time you use this feature, though a single object can only bear one property at a time. The maximum number of objects you can affect with this feature at one time is equal to your Intelligence modifier (minimum of one object). If you try to exceed your maximum, the oldest property immediately ends, and then the new property applies.",
        "level": 1
      },
      {
        "name": "Tools Required",
        "desc": "You produce your artificer spell effects through your tools. You must have a spellcasting focus—specifically thieves’ tools or some kind of artisan’s tool—in hand when you cast any spell with this Spellcasting feature (meaning the spell has an “M” component when you cast it). You must be proficient with the tool to use it in this way. See the equipment chapter in the Player’s Handbook for descriptions of these tools. \nAfter you gain the Infuse Item feature at 2nd level, you can also use any item bearing one of your infusions as a spellcasting focus.",
        "level": 1
      },
      {
        "name": "Cantrips",
        "desc": "At 1st level, you know two cantrips of your choice from the artificer spell list. At higher levels, you learn additional artificer cantrips of your choice, as shown in the Cantrips Known column of the Artificer table. When you gain a level in this class, you can replace one of the artificer cantrips you know with another cantrip from the artificer spell list.",
        "level": 1
      },
      {
        "name": "Infuse Item",
        "desc": "You’ve gained the ability to imbue mundane items with certain magical infusions, turning those objects into magic items.",
        "level": 2
      },
      {
        "name": "Infusions Known",
        "desc": "When you gain this feature, pick four artificer infusions to learn, choosing from the “Artificer Infusions” section at the end of the class’s description. You learn additional infusions of your choice when you reach certain levels in this class, as shown in the Infusions Known column of the Artificer table. \nWhenever you gain a level in this class, you can replace one of the artificer infusions you learned with a new one.",
        "level": 2
      },
      {
        "name": "Infusing an Item",
        "desc": "Whenever you finish a long rest, you can touch a nonmagical object and imbue it with one of your artificer infusions, turning it into a magic item. An infusion works on only certain kinds of objects, as specified in the infusion’s description. If the item requires attunement, you can attune yourself to it the instant you infuse the item. If you decide to attune to the item later, you must do so using the normal process for attunement (see the attunement rules in the Dungeon Master’s Guide). \nYour infusion remains in an item indefinitely, but when you die, the infusion vanishes after a number of days equal to your Intelligence modifier (minimum of 1 day). The infusion also vanishes if you replace your knowledge of the infusion. \nYou can infuse more than one nonmagical object at the end of a long rest; the maximum number of objects appears in the Infused Items column of the Artificer table. You must touch each of the objects, and each of your infusions can be in only one object at a time. Moreover, no object can bear more than one of your infusions at a time. If you try to exceed your maximum number of infusions, the oldest infusion ends, and then the new infusion applies. \nIf an infusion ends on an item that contains other things, like a bag of holding, its contents harmlessly appear in and around its space.",
        "level": 2
      },
      {
        "name": "Infusions List",
        "desc": "-Arcane Propulsion Armor: A suit of attuned armor grants +5 walking speed, gauntlets that deal 1d8 magical force damage on hit and has the thrown property at 20 and 60 feet as the gauntlet detaches and returns to the wearer. \nThe armor can't be removed against the users will \n-If the wearer is missing limbs, the armor replaces those limbs and function identically. \n\n-Armor of Magical Strength: A suit of attuned armor with 6 charges can expend 1 charge to add Intelligence modifier to a Strength check or saving throw, and use 1 charge to avoid being knocked prone. \nThe armor regains 1d6 expended charges at dawn. \n\n-Boots of the Winding Path: 6th level artificer, a pair of boots (requires attunement) \nWhile wearing these boots, a creature can teleport up to 15 feet as a bonus action to an unoccupied space the creature can see. The creature must have occupied that space at some point during the current turn.  \n\n-Enhanced Arcane Focus: A rod, staff, or wand (requires attunement) \nWhile holding this item, a creature gains +1 bonus to spell attack rolls. in addition, the creature ignores half cover when making a spell attack. The bonus increases to +2 when you reach 10th level in this class. \n\n-Enhanced Defense: A suit of armor or shield. \nA creature gains a +1 bonus to Armor Class while wearing (armor) or wielding (shield) the infused item. The bonus increases to +2 when you reach 10th level in this class. \n\n-Enhanced Weapon: A simple or martial weapon. \nThis magic weapon grants a +1 bonus to attack and damage rolls made with it. The bonus increases to +2 when you reach 10th level in this class. \n\n-Helm of Awareness: A helmet that with attunement grants advantage on initiative rolls, and prevents the wearer from being surprised if not incapacitated. \n\n-Homunculus Servant: 6th level artificer, a gem worth at least 100gp \nYou learn intricate methords for magically creating a special homunculus that serves you. The item you infuse serves as the creature's heart, around which the creature's body instantly forms.\nYou determine the homunculus' appearance. Some artificers prefer mechanical-looking birds, whereas some like winged vials or miniature, animate cauldrons.\nThe homunculus is friendly to you and your companions, and it obeys your commands. See this creature's game statistics in the Homunculus Servant stat block.\nIn combat, the homunculus shares your initiative count, but takes its turn immediately after yours. It can move and use its reaction on it's own, but the only action it takes on its turn is the Dodge action, unless you take a bonus action on your turn to command it to take the action in its stat block or the Dash, Disengage, Help, Hide or Search action.\nThe homunculus regains 2d6 hit points if the Mending spell is cast on it. If it dies, it vanishes leaving its heart in its space. \n\n- Infuse a suit of armor or robes that can send a jolt to the wearer to refocus their mind. The item has 4 charges. When the wearer fails a Constitution saving throw to maintain concentration on a spell, the wearer can use its reaction to expend 1 of the item’s charges to succeed instead. The item regains 1d4 expended charges daily at dawn. \n\n-Radiant Weapon: 6th level artificer, a simple or martial weapon (requires attunement)\nThis magic weapon grants a +1 bonus to attack and damage rolls made with it. While holding it, the wielder can take a bonus action to cause it to shed bright light in a 30-foot radius and dim light for an additional 30 feet. The wielder can extinguish the light as a bonus action.\nThe weapon has 4 charges. As a reaction immediately after being hit by a melee attack, the wielder can expend 1 charge and cause the attacker to be blinded until the end of the attacker’s next turn, unless the attacker succeeds on a Constitution saving throw against your spell save DC. The weapon regains 1d4 expended charges daily at dawn. \n\n-Repeating Shot: A simple or martial weapon with attunment that uses ammo grants +1 bonus to damage and attack rolls for ranged attacks, and ignores the loading property. If you load no ammo, the weapon productes its own magical ammo that vanishes upon hitting or missing a target. \n\n-Replicate Magic Item: \nUsing this infusion, you replicate a particular magic item. You can learn this infusion multiple times; each time you do so, choose a different magic item that you can make with it, picking from the Replicable Magic Items tables below. A table's title tells you the level you must be in the class to choose an item from the table.\nIn the tables, an item’s entry tells you whether the item requires attunement. See the item’s description in the Dungeon Master’s Guide for more information about it, including the type of object required for its making.\nIf you have Xanathar's Guide to Everything, you can choose from among the common magic items in that book when you pick a magic item you can replicate with this infusion. \n\n-Repulsion Shield: 6th level artificer, a shield (requires attunement) \nA creature gains a +1 bonus to Armor Class while wielding this shield.The shield has 5 charges. While holding it, the wielder can use a reaction immediately after being hit by a melee attack to expend 1 of the shield's charges and push the attacker up to 15 feet away. The shield regains 1d4 expended charges daily at dawn. \n\n-Resistant Armor: 6th level artificer, a suit of armor (requires attunement) \nWhile wearing this armor, a creature has resistance to one of the following damage types, which you choose when you infuse the item: acid, cold, fire, force, lightning, necrotic, poison, psychic, radiant, or thunder. \n\n-Returning Weapon: A thrown simple or martial weapon \nThis magic weapon grants a +1 bonus to attack and damage rolls made with it, and it returns to the wielder’s hand immediately after it is used to make a ranged attack. \n\n-Spell Refueling Ring: At 6th level artificer create a ring with attunement that a creature can recover one expended spell slot in an action. The spell slot can be of 3rd level or lower, and replenishes at dawn.",
        "level": 2
      },
      {
        "name": "Homunculus Servant Stats",
        "desc": "Tiny construct, neutral \nArmor Class 13 (natural armor) \nHit Points equal to homunculus's Constitution modifier + your Intelligence modifier + your level in this class \nSpeed 20 ft., fly 30 ft. \nSTR 4 (−3) DEX 15 (+2) CON 12 (+1) INT 10 (+0) WIS 10 (+0) CHA 7 (−2) \nSaving Throws Dex +1 \nSkills Perception +4, Stealth +4 \nDamage Immunities poison \nCondition Immunities exhaustion, poisoned \nSenses darkvision 60 ft., passive Perception 14 \nLanguages understands the languages you speak \nEvasion. If the homunculus is subjected to an effect that allows it to make a Dexterity saving throw to take only half damage, it instead takes no damage if it succeeds on the saving throw, and only half damage if it fails. it can't use this trait if it's incapacitated \nMight of the Master. The following numbers increase by 1 when your proficiency bonus increases by 1: the homunculus’s skill and saving throw bonuses (above( and the bonuses to hit and damage of its attack (below). \nActions (Require Your Bonus Action) \nForce Strike. Ranged Weapon Attack: +4 to hit, range 30 ft., one target you can see. Hit: 1d4 + 2 force damage. \nReactions \nChannel Magic. The homunculus delivers a spell you cast that has a range of touch. The homunculus must be within 120 feet of you.",
        "level": 2
      },
      {
        "name": "Infusions Learned",
        "desc": "Pick four artificer infusions to learn.",
        "level": 2
      },
      {
        "name": "Artificer Specialist",
        "desc": "Choose the type of specialist you are: Alchemist, Armorer, Artillerist, or Battle Smith, each of which is detailed after the class’s description. Your choice grants you features at 5th level and again at 9th and 15th level.",
        "level": 3
      },
      {
        "name": "The Right Tool for the Job",
        "desc": "You’ve learned how to produce exactly the tool you need: with thieves’ tools or artisan’s tools in hand, you can magically create one set of artisan’s tools in an unoccupied space within 5 feet of you. This creation requires 1 hour of uninterrupted work, which can coincide with a short or long rest. Though the product of magic, the tools are nonmagical, and they vanish when you use this feature again.",
        "level": 3
      },
      {
        "name": "Ability Score Improvement",
        "desc": "When you reach 4th level, and again at 8th, 12th, 16th, and 19th level, you can increase one ability score of your choice by 2, or you can increase two ability scores of your choice by 1. As normal, you can’t increase an ability score above 20 using this feature.",
        "level": 4
      },
      {
        "name": "Tool Expertise",
        "desc": "Your proficiency bonus is now doubled for any ability check you make that uses your proficiency with a tool.",
        "level": 6
      },
      {
        "name": "Infusions Learned",
        "desc": "When you gain this feature, pick two artificer infusions to learn.",
        "level": 6
      },
      {
        "name": "Flash of Genius",
        "desc": "You’ve gained the ability to come up with solutions under pressure. When you or another creature you can see within 30 feet of you makes an ability check or a saving throw, you can use your reaction to add your Intelligence modifier to the roll. \nYou can use this feature a number of times equal to your Intelligence modifier (minimum of once). You regain all expended uses when you finish a long rest.",
        "level": 7
      },
      {
        "name": "Level 8 Feature: ASI",
        "desc": "Most classes don't get a new feature at level 8, but they do get an ASI. And new spells, for (some of) the spellcasting classes.",
        "level": 8
      },
      {
        "name": "Magic Item Adept",
        "desc": "When you reach 10th level, you achieve a profound understanding of how to use and make magic items: You can attune to up to four magic items at once. If you craft a magic item with a rarity of common or uncommon, it takes you a quarter of the normal time, and it costs you half as much of the usual gold.",
        "level": 10
      },
      {
        "name": "Infusions Learned",
        "desc": "When you gain this feature, pick two artificer infusions to learn.",
        "level": 10
      },
      {
        "name": "Spell-Storing Item",
        "desc": "You can now store a spell in an object. Whenever you finish a long rest, you can touch one simple or martial weapon or one item that you can use as a spellcasting focus, and you store a spell in it, choosing a 1st- or 2nd-level spell from the artificer spell list that requires 1 action to cast (you needn’t have it prepared). \nWhile holding the object, a creature can take an action to produce the spell’s effect from it, using your spellcasting ability modifier. If the spell requires concentration, the creature must concentrate. The spell stays in the object until it’s been used a number of times equal to twice your Intelligence modifier (minimum of twice) or until you use this feature again to store a spell in an object.",
        "level": 11
      },
      {
        "name": "Level 12 Feature: ASI",
        "desc": "As at level 8, most classes just get an ASI as their Level 12 Class Feature. And spell-stuff, for the spellcasting classes.",
        "level": 12
      },
      {
        "name": "Magic Item Savant",
        "desc": "At 14th level, your skill with magic items deepens more: You can attune to up to five magic items at once. You ignore all class, race, spell, and level requirements on attuning to or using a magic item.",
        "level": 14
      },
      {
        "name": "Magic Item Master",
        "desc": "Starting at 18th level, you can attune to up to six magic items at once.",
        "level": 15
      },
      {
        "name": "Level 16 Feature: ASI",
        "desc": "Um, I'm still running out of descriptions...",
        "level": 16
      },
      {
        "name": "Infusions Learned",
        "desc": "When you gain this feature, pick two artificer infusions to learn.",
        "level": 18
      },
      {
        "name": "Soul of Artifice",
        "desc": "You have developed a mystical connection to your magic items, which you can draw on for protection: \nYou gain a +1 bonus to all saving throws per magic item you are currently attuned to. \nIf you’re reduced to 0 hit points but not killed outright, you can use your reaction to end one of your artificer infusions, causing you to drop to 1 hit point instead of 0.",
        "level": 20
      }
    ],
    "levels": [
      {
        "number": 1,
        "prof_bonus": 2,
        "spells_levels": [
          2,0,0,0,0,0,0,0,0
        ]
      },
      {
        "number": 2,
        "prof_bonus": 2,
        "spells_levels": [
          3,0,0,0,0,0,0,0,0
        ]
      },
      {
        "number": 3,
        "prof_bonus": 2,
        "spells_levels": [
          4,2,0,0,0,0,0,0,0
        ]
      },
      {
        "number": 4,
        "prof_bonus": 2,
        "spells_levels": [
          4,3,0,0,0,0,0,0,0
        ]
      },
      {
        "number": 5,
        "prof_bonus": 3,
        "spells_levels": [
          4,3,2,0,0,0,0,0,0
        ]
      },
      {
        "number": 6,
        "prof_bonus": 3,
        "spells_levels": [
          4,3,3,0,0,0,0,0,0
        ]
      },
      {
        "number": 7,
        "prof_bonus": 3,
        "spells_levels": [
          4,3,3,1,0,0,0,0,0
        ]
      },
      {
        "number": 8,
        "prof_bonus": 3,
        "spells_levels": [
          4,3,3,2,0,0,0,0,0
        ]
      },
      {
        "number": 9,
        "prof_bonus": 4,
        "spells_levels": [
          4,3,3,3,1,0,0,0,0
        ]
      },
      {
        "number": 10,
        "prof_bonus": 4,
        "spells_levels": [
          4,3,3,3,2,0,0,0,0
        ]
      },
      {
        "number": 11,
        "prof_bonus": 4,
        "spells_levels": [
          4,3,3,3,2,1,0,0,0
        ]
      },
      {
        "number": 12,
        "prof_bonus": 4,
        "spells_levels": [
          4,3,3,3,2,1,0,0,0
        ]
      },
      {
        "number": 13,
        "prof_bonus": 5,
        "spells_levels": [
          4,3,3,3,2,1,1,0,0
        ]
      },
      {
        "number": 14,
        "prof_bonus": 5,
        "spells_levels": [
          4,3,3,3,2,1,1,0,0
        ]
      },
      {
        "number": 15,
        "prof_bonus": 5,
        "spells_levels": [
          4,3,3,3,2,1,1,1,0
        ]
      },
      {
        "number": 16,
        "prof_bonus": 5,
        "spells_levels": [
          4,3,3,3,2,1,1,1,0
        ]
      },
      {
        "number": 17,
        "prof_bonus": 6,
        "spells_levels": [
          4,3,3,3,2,1,1,1,1
        ]
      },
      {
        "number": 18,
        "prof_bonus": 6,
        "spells_levels": [
          4,3,3,3,3,1,1,1,1
        ]
      },
      {
        "number": 19,
        "prof_bonus": 6,
        "spells_levels": [
          4,3,3,3,3,2,1,1,1
        ]
      },
      {
        "number": 20,
        "prof_bonus": 6,
        "spells_levels": [
          4,3,3,3,3,2,2,1,1
        ]
      }
    ]
  },
  {
    "name": "Fighter (Eldrich Knight)",
    "hit_die": 10,
    "combat_resource": null,
    "skills_count_choose": 2,
    "skills": [
      "Acrobatics",
      "Animal Handling",
      "Athletics",
      "History",
      "Insight",
      "Intimidation",
      "Perception",
      "Survival"
    ],
    "saving_throws": [
      "STR",
      "CON"
    ],
    "level_for_subclass": 3,
    "levels_for_asi_bonuses": [
      4,8,12,16,19
    ],
    "class_features": [
      {
        "name": "Fighting Style",
        "desc": "You adopt a particular style of fighting as your specialty. Choose one of the following options. You can't take a Fighting Style option more than once, even if you later get to choose again. \n- Archery: You gain a +2 bonus to attack rolls you make with ranged weapons. \n- Defense: While you are wearing armor, you gain a +1 bonus to AC. \n- Dueling: When you are wielding a melee weapon in one hand and no other weapons, you gain a +2 bonus to damage rolls with that weapon. \n- Great Weapon Fighting: When you roll a 1 or 2 on a damage die for an attack you make with a melee weapon that you are wielding with two hands, you can reroll the die and must use the new roll, even if the new roll is a 1 or a 2. The weapon must have the two-handed or versatile property for you to gain this benefit. \n- Protection: When a creature you can see attacks a target other than you that is within 5 feet of you, you can use your reaction to impose disadvantage on the attack roll. You must be wielding a shield. \n- Two-Weapon Fighting: When you engage in two-weapon fighting, you can add your ability modifier to the damage of the second attack.",
        "level": 1
      },
      {
        "name": "Second Wind",
        "desc": "You have a limited well of stamina that you can draw on to protect yourself from harm. On your turn, you can use a bonus action to regain hit points equal to 1d10 + your fighter level. \n Once you use this feature, you must finish a short or long rest before you can use it again.",
        "level": 1
      },
      {
        "name": "Action Surge",
        "desc": "Starting at 2nd level, you can push yourself beyond your normal limits for a moment. On your turn, you can take one additional action on top of your regular action and a possible bonus action. \n Once you use this feature, you must finish a short or long rest before you can use it again. Starting at 17th level, you can use it twice before a rest, but only once on the same turn.",
        "level": 2
      },
      {
        "name": "Spellcasting",
        "desc": "When you reach 3rd level, you augment your martial prowess with the ability to cast spells. Learn two wizard cantrips, and a third at 10th level. \n- Spell save DC = 8 + your proficiency bonus + your Intelligence modifier \n- Spell attack modifier = your proficiency bonus + your Intelligence modifier",
        "level": 3
      },
      {
        "name": "Weapon Bond",
        "desc": "At 3rd level, you learn a ritual that creates a magical bond between yourself and one weapon. You perform the ritual over the course of 1 hour, which can be done during a short rest. The weapon must be within your reach throughout the ritual, at the conclusion of which you touch the weapon and forge the bond. \n Once you have bonded a weapon to yourself, you can't be disarmed of that weapon unless you are incapacitated. If it is on the same plane of existence, you can summon that weapon as a bonus action on your turn, causing it to teleport instantly to your hand. \n You can have up to two bonded weapons, but can summon only one at a time with your bonus action. If you attempt to bond with a third weapon, you must break the bond with one of the other two.",
        "level": 3
      },
      {
        "name": "Ability Score Improvement",
        "desc": "When you reach 4th level, and again at 8th, 12th, 16th, and 19th level, you can increase one ability score of your choice by 2, or you can increase two ability scores of your choice by 1. As normal, you can’t increase an ability score above 20 using this feature.",
        "level": 4
      },
      {
        "name": "War Magic",
        "desc": "Beginning at 7th level, when you use your action to cast a cantrip, you can make one weapon attack as a bonus action.",
        "level": 7
      },
      {
        "name": "Eldritch Strike",
        "desc": "At 10th level, you learn how to make your weapon strikes undercut a creature's resistance to your spells. When you hit a creature with a weapon attack, that creature has disadvantage on the next saving throw it makes against a spell you cast before the end of your next turn.",
        "level": 10
      },
      {
        "name": "ASI or Feat",
        "desc": "Increase two ability scores of your choice by 1.",
        "level": 8
      },
      {
        "name": "Indomitable",
        "desc": "Beginning at 9th level, you can reroll a saving throw that you fail. If you do so, you must use the new roll, and you can't use this feature again until you finish a long rest. \n You can use this feature twice between long rests starting at 13th level and three times between long rests starting at 17th level.",
        "level": 9
      },
      {
        "name": "ASI or Feat",
        "desc": "Increase two ability scores of your choice by 1.",
        "level": 12
      },
      {
        "name": "Arcane Charge",
        "desc": "At 15th level, you gain the ability to teleport up to 30 feet to an unoccupied space you can see when you use your Action Surge. You can teleport before or after the additional action.",
        "level": 15
      },
      {
        "name": "ASI or Feat",
        "desc": "Increase two ability scores of your choice by 1.",
        "level": 16
      },
      {
        "name": "Improved War Magic",
        "desc": "Starting at 18th level, when you use your action to cast a spell, you can make one weapon attack as a bonus action.",
        "level": 18
      },
      {
        "name": "ASI or Feat",
        "desc": "Increase two ability scores of your choice by 1.",
        "level": 19
      }
    ],
    "levels": [
      {
        "number": 1,
        "prof_bonus": 2,
        "spells_levels": [
          0,0,0,0,0,0,0,0,0
        ]
      },
      {
        "number": 2,
        "prof_bonus": 2,
        "spells_levels": [
          0,0,0,0,0,0,0,0,0
        ]
      },
      {
        "number": 3,
        "prof_bonus": 2,
        "spells_levels": [
          2,0,0,0,0,0,0,0,0
        ]
      },
      {
        "number": 4,
        "prof_bonus": 2,
        "spells_levels": [
          3,0,0,0,0,0,0,0,0
        ]
      },
      {
        "number": 5,
        "prof_bonus": 3,
        "spells_levels": [
          3,0,0,0,0,0,0,0,0
        ]
      },
      {
        "number": 6,
        "prof_bonus": 3,
        "spells_levels": [
          3,0,0,0,0,0,0,0,0
        ]
      },
      {
        "number": 7,
        "prof_bonus": 3,
        "spells_levels": [
          4,2,0,0,0,0,0,0,0
        ]
      },
      {
        "number": 8,
        "prof_bonus": 3,
        "spells_levels": [
          4,2,0,0,0,0,0,0,0
        ]
      },
      {
        "number": 9,
        "prof_bonus": 4,
        "spells_levels": [
          4,2,0,0,0,0,0,0,0
        ]
      },
      {
        "number": 10,
        "prof_bonus": 4,
        "spells_levels": [
          4,3,0,0,0,0,0,0,0
        ]
      },
      {
        "number": 11,
        "prof_bonus": 4,
        "spells_levels": [
          4,3,0,0,0,0,0,0,0
        ]
      },
      {
        "number": 12,
        "prof_bonus": 4,
        "spells_levels": [
          4,3,0,0,0,0,0,0,0
        ]
      },
      {
        "number": 13,
        "prof_bonus": 5,
        "spells_levels": [
          4,3,2,0,0,0,0,0,0
        ]
      },
      {
        "number": 14,
        "prof_bonus": 5,
        "spells_levels": [
          4,3,2,0,0,0,0,0,0
        ]
      },
      {
        "number": 15,
        "prof_bonus": 5,
        "spells_levels": [
          4,3,2,0,0,0,0,0,0
        ]
      },
      {
        "number": 16,
        "prof_bonus": 5,
        "spells_levels": [
          4,3,3,0,0,0,0,0,0
        ]
      },
      {
        "number": 17,
        "prof_bonus": 6,
        "spells_levels": [
          4,3,3,0,0,0,0,0,0
        ]
      },
      {
        "number": 18,
        "prof_bonus": 6,
        "spells_levels": [
          4,3,3,0,0,0,0,0,0
        ]
      },
      {
        "number": 19,
        "prof_bonus": 6,
        "spells_levels": [
          4,3,3,1,0,0,0,0,0
        ]
      },
      {
        "number": 20,
        "prof_bonus": 6,
        "spells_levels": [
          4,3,3,1,0,0,0,0,0
        ]
      }
    ]
  },
  {
    "name": "Rogue (Arcane Trickester)",
    "hit_die": 8,
    "combat_resource": null,
    "skills_count_choose": 2,
    "skills": [
      "Acrobatics",
      "Athletics",
      "Deception",
      "Insight",
      "Intimidation",
      "Investigation",
      "Perception",
      "Performance",
      "Sleight of Hand",
      "Stealth"
    ],
    "saving_throws": [
      "DEX",
      "INT"
    ],
    "level_for_subclass": 3,
    "levels_for_asi_bonuses": [
      4,8,12,16,19
    ],
    "class_features": [
      {
        "name": "Expertise",
        "desc": "At 1st level, choose two of your skill proficiencies, or one of your skill proficiencies and your proficiency with thieves' tools. Your proficiency bonus is doubled for any ability check you make that uses either of the chosen proficiencies. \n At 6th level, you can choose two more of your proficiencies (in skills or with thieves' tools) to gain this benefit.",
        "level": 1
      },
      {
        "name": "Sneak Attack",
        "desc": "Beginning at 1st level, you know how to strike subtly and exploit a foe's distraction. Once per turn, you can deal an extra 1d6 damage to one creature you hit with an attack if you have advantage on the attack roll. The attack must use a finesse or a ranged weapon. \n You don't need advantage on the attack roll if another enemy of the target is within 5 feet of it, that enemy isn't incapacitated, and you don't have disadvantage on the attack roll.\n The amount of the extra damage increases as you gain levels in this class, as shown in the Sneak Attack column of the Rogue table.",
        "level": 1
      },
      {
        "name": "Thieves' Cant",
        "desc": "During your rogue training you learned thieves' cant, a secret mix of dialect, jargon, and code that allows you to hide messages in seemingly normal conversation. Only another creature that knows thieves' cant understands such messages. It takes four times longer to convey such a message than it does to speak the same idea plainly. \n In addition, you understand a set of secret signs and symbols used to convey short, simple messages, such as whether an area is dangerous or the territory of a thieves' guild, whether loot is nearby, or whether the people in an area are easy marks or will provide a safe house for thieves on the run.",
        "level": 1
      },
      {
        "name": "Cunning Action",
        "desc": "Starting at 2nd level, your quick thinking and agility allow you to move and act quickly. You can take a bonus action on each of your turns in combat. This action can be used only to take the Dash, Disengage, or Hide action.",
        "level": 2
      },
      {
        "name": "Spellcasting",
        "desc": "When you reach 3rd level, you augment your martial prowess with the ability to cast spells. Learn Mage Hand and two other Wizard cantrips. Learn a third at 10th level. You know three 1st-level wizard spells of your choice, two of which you must choose from the enchantment and illusion spells on the wizard spell list. You can replace one of the wizard spells you know with another spell of your choice from the wizard spell list when levelling up. The new spell must be of a level for which you have spell slots, and it must be an enchantment or illusion spell, unless you're replacing the spell you gained at 3rd, 8th, 14th, or 20th level from any school of magic. \n Intelligence is your spellcasting ability. \n- Spell save DC = 8 + your proficiency bonus + your Intelligence modifier \n- Spell attack modifier = your proficiency bonus + your Intelligence modifier",
        "level": 3
      },
      {
        "name": "Mage Hand Legerdemain",
        "desc": "Starting at 3rd level, when you cast Mage Hand, you can make the spectral hand invisible, and you can perform the following additional tasks with it: \n- You can stow one object the hand is holding in a container worn or carried by another creature. \n- You can retrieve an object in a container worn or carried by another creature. \n- You can use thieves' tools to pick locks and disarm traps at range. \n You can perform one of these tasks without being noticed by a creature if you succeed on a Dexterity (Sleight of Hand) check contested by the creature's Wisdom (Perception) check. \n In addition, you can use the bonus action granted by your Cunning Action to control the hand.",
        "level": 3
      },
      {
        "name": "Ability Score Improvement",
        "desc": "When you reach 4th level, and again at 8th, 12th, 16th, and 19th level, you can increase one ability score of your choice by 2, or you can increase two ability scores of your choice by 1. As normal, you can’t increase an ability score above 20 using this feature.",
        "level": 4
      },
      {
        "name": "Uncanny Dodge",
        "desc": "Starting at 5th level, when an attacker that you can see hits you with an attack, you can use your reaction to halve the attack's damage against you.",
        "level": 5
      },
      {
        "name": "Evasion",
        "desc": "Beginning at 7th level, you can nimbly dodge out of the way of certain area effects, such as a red dragon's fiery breath or an Ice Storm spell. When you are subjected to an effect that allows you to make a Dexterity saving throw to take only half damage, you instead take no damage if you succeed on the saving throw, and only half damage if you fail.",
        "level": 7
      },
      {
        "name": "ASI or Feat",
        "desc": "Increase two ability scores of your choice by 1.",
        "level": 8
      },
      {
        "name": "Magical Ambush",
        "desc": "Starting at 9th level, if you are hidden from a creature when you cast a spell on it, the creature has disadvantage on any saving throw it makes against the spell this turn.",
        "level": 9
      },
      {
        "name": "Reliable Talent",
        "desc": "By 11th level, you have refined your chosen skills until they approach perfection. Whenever you make an ability check that lets you add your proficiency bonus, you can treat a d20 roll of 9 or lower as a 10.",
        "level": 11
      },
      {
        "name": "ASI or Feat",
        "desc": "Increase two ability scores of your choice by 1.",
        "level": 12
      },
      {
        "name": "Versatile Trickster",
        "desc": "At 13th level, you gain the ability to distract targets with your Mage Hand. As a bonus action on your turn, you can designate a creature within 5 feet of the spectral hand created by the spell. Doing so gives you advantage on attack rolls against that creature until the end of the turn.",
        "level": 13
      },
      {
        "name": "Blindsense",
        "desc": "Starting at 14th level, if you are able to hear, you are aware of the location of any hidden or invisible creature within 10 feet of you.",
        "level": 14
      },
      {
        "name": "Slippery Mind",
        "desc": "By 15th level, you have acquired greater mental strength. You gain proficiency in Wisdom saving throws.",
        "level": 15
      },
      {
        "name": "ASI or Feat",
        "desc": "Increase two ability scores of your choice by 1.",
        "level": 16
      },
      {
        "name": "Spell Thief",
        "desc": "At 17th level, you gain the ability to magically steal the knowledge of how to cast a spell from another spellcaster. \n Immediately after a creature casts a spell that targets you or includes you in its area of effect, you can use your reaction to force the creature to make a saving throw with its spellcasting ability modifier. The DC equals your spell save DC. On a failed save, you negate the spell's effect against you, and you steal the knowledge of the spell if it is at least 1st level and of a level you can cast (it doesn't need to be a wizard spell). For the next 8 hours, you know the spell and can cast it using your spell slots. The creature can't cast that spell until the 8 hours have passed. \n Once you use this feature, you can't use it again until you finish a long rest.",
        "level": 17
      },
      {
        "name": "Elusive",
        "desc": "Beginning at 18th level, you are so evasive that attackers rarely gain the upper hand against you. No attack roll has advantage against you while you aren't incapacitated.",
        "level": 18
      },
      {
        "name": "ASI or Feat",
        "desc": "Increase two ability scores of your choice by 1.",
        "level": 19
      },
      {
        "name": "Stroke of Luck",
        "desc": "At 20th level, you have an uncanny knack for succeeding when you need to. If your attack misses a target within range, you can turn the miss into a hit. Alternatively, if you fail an ability check, you can treat the d20 roll as a 20. \n Once you use this feature, you can't use it again until you finish a short or long rest.",
        "level": 18
      }
    ],
    "levels": [
      {
        "number": 1,
        "prof_bonus": 2,
        "spells_levels": [
          0,0,0,0,0,0,0,0,0
        ]
      },
      {
        "number": 2,
        "prof_bonus": 2,
        "spells_levels": [
          0,0,0,0,0,0,0,0,0
        ]
      },
      {
        "number": 3,
        "prof_bonus": 2,
        "spells_levels": [
          2,0,0,0,0,0,0,0,0
        ]
      },
      {
        "number": 4,
        "prof_bonus": 2,
        "spells_levels": [
          3,0,0,0,0,0,0,0,0
        ]
      },
      {
        "number": 5,
        "prof_bonus": 3,
        "spells_levels": [
          3,0,0,0,0,0,0,0,0
        ]
      },
      {
        "number": 6,
        "prof_bonus": 3,
        "spells_levels": [
          3,0,0,0,0,0,0,0,0
        ]
      },
      {
        "number": 7,
        "prof_bonus": 3,
        "spells_levels": [
          4,2,0,0,0,0,0,0,0
        ]
      },
      {
        "number": 8,
        "prof_bonus": 3,
        "spells_levels": [
          4,2,0,0,0,0,0,0,0
        ]
      },
      {
        "number": 9,
        "prof_bonus": 4,
        "spells_levels": [
          4,2,0,0,0,0,0,0,0
        ]
      },
      {
        "number": 10,
        "prof_bonus": 4,
        "spells_levels": [
          4,3,0,0,0,0,0,0,0
        ]
      },
      {
        "number": 11,
        "prof_bonus": 4,
        "spells_levels": [
          4,3,0,0,0,0,0,0,0
        ]
      },
      {
        "number": 12,
        "prof_bonus": 4,
        "spells_levels": [
          4,3,0,0,0,0,0,0,0
        ]
      },
      {
        "number": 13,
        "prof_bonus": 5,
        "spells_levels": [
          4,3,2,0,0,0,0,0,0
        ]
      },
      {
        "number": 14,
        "prof_bonus": 5,
        "spells_levels": [
          4,3,2,0,0,0,0,0,0
        ]
      },
      {
        "number": 15,
        "prof_bonus": 5,
        "spells_levels": [
          4,3,2,0,0,0,0,0,0
        ]
      },
      {
        "number": 16,
        "prof_bonus": 5,
        "spells_levels": [
          4,3,3,0,0,0,0,0,0
        ]
      },
      {
        "number": 17,
        "prof_bonus": 6,
        "spells_levels": [
          4,3,3,0,0,0,0,0,0
        ]
      },
      {
        "number": 18,
        "prof_bonus": 6,
        "spells_levels": [
          4,3,3,0,0,0,0,0,0
        ]
      },
      {
        "number": 19,
        "prof_bonus": 6,
        "spells_levels": [
          4,3,3,1,0,0,0,0,0
        ]
      },
      {
        "number": 20,
        "prof_bonus": 6,
        "spells_levels": [
          4,3,3,1,0,0,0,0,0
        ]
      }
    ]
  }
]