[
  {
    "name": "Actor",
    "desc": "Skilled at mimicry and dramatics, you gain the following benefits: \nIncrease your Charisma score by 1, to a maximum of 20. \nYou have advantage on Charisma (Deception) and Charisma (Performance) checks when trying to pass yourself off as a different person. \nYou can mimic the speech of another person or the sounds made by other creatures. You must have heard the person speaking, or heard the creature make the sound, for at least 1 minute. A successful Wisdom (Insight) check contested by your Charisma (Deception) check allows a listener to determine that the effect is faked.",
    "skills_count_choose": 0,
    "skills": [
    ]
  },
  {
    "name": "Alert",
    "desc": "Always on the lookout for danger, you gain the following benefits: \nYou gain a +5 bonus to initiative. \nYou can't be surprised while you are conscious. \nOther creatures don’t gain advantage on attack rolls against you as a result of being unseen by you.",
    "skills_count_choose": 0,
    "skills": [
    ]
  },
  {
    "name": "Athlete",
    "desc": "You have undergone extensive physical training to gain the following benefits: \nIncrease your Strength or Dexterity score by 1, to a maximum of 20. \nWhen you are prone, standing up uses only 5 feet of your movement. \nClimbing doesn't cost you extra movement. \nYou can make a running long jump or a running high jump after moving only 5 feet on foot, rather than 10 feet.",
    "skills_count_choose": 0,
    "skills": [
    ]
  },
  {
    "name": "Artificer Initiate",
    "desc": "You’ve learned some of an artificer’s inventiveness: \nYou learn one cantrip of your choice from the artificer spell list, and you learn one 1st-level spell of your choice from that list. Intelligence is your spellcasting ability for these spells. \nYou can cast this feat’s 1st-level spell without a spell slot, and you must finish a long rest before you can cast it in this way again. You can also cast the spell using any spell slots you have. \nYou gain proficiency with one type of artisan’s tools of your choice, and you can use that type of tool as a spellcasting focus for any spell you cast that uses Intelligence as its spellcasting ability.",
    "skills_count_choose": 0,
    "skills": [
    ]
  },
  {
    "name": "Bountiful Luck",
    "desc": "Prerequisite: Halfling \nYour people have extraordinary luck, which you have learned to mystically lend to your companions when you see them falter. You’re not sure how you do it; you just wish it, and it happens. Surely a sign of fortune’s favor! \nWhen an ally you can see within 30 feet of you rolls a 1 on the d20 for an attack roll, an ability check, or a saving throw, you can use your reaction to let the ally reroll the die. The ally must use the new roll. \nWhen you use this ability, you can’t use your Lucky racial trait before the end of your next turn.",
    "skills_count_choose": 0,
    "skills": [
    ]
  },
  {
    "name": "Chef",
    "desc": "Time spent mastering the culinary arts has paid off, granting you the following benefits: \nIncrease your Constitution or Wisdom score by 1, to a maximum of 20. \nYou gain proficiency with cook’s utensils if you don’t already have it. \nAs part of a short rest, you can cook special food, provided you have ingredients and cook’s utensils on hand. You can prepare enough of this food for a number of creatures equal to 4 + your proficiency bonus. At the end of the short rest, any creature who eats the food and spends one or more Hit Dice to regain hit points regains an extra 1d8 hit points. \nWith one hour of work or when you finish a long rest, you can cook a number of treats equal to your proficiency bonus. These special treats last 8 hours after being made. A creature can use a bonus action to eat one of those treats to gain temporary hit points equal to your proficiency bonus.",
    "skills_count_choose": 0,
    "skills": [
    ]
  },
  {
    "name": "Charger",
    "desc": "When you use your action to Dash, you can use a bonus action to make one melee weapon attack or to shove a creature.\nIf you move at least 10 feet in a straight line immediately before taking this bonus action, you either gain a +5 bonus to the attack's damage roll (if you chose to make a melee attack and hit) or push the target up to 10 feet away from you (if you chose to shove and you succeed).",
    "skills_count_choose": 0,
    "skills": [
    ]
  },
  {
    "name": "Crossbow Expert",
    "desc": "Thanks to extensive practice with the crossbow, you gain the following benefits: \nYou ignore the loading property of crossbows with which you are proficient. \nBeing within 5 feet of a hostile creature doesn’t impose disadvantage on your ranged attack rolls. \nWhen you use the Attack action and attack with a one-handed weapon, you can use a bonus action to attack with a hand crossbow you are holding.",
    "skills_count_choose": 0,
    "skills": [
    ]
  },
  {
    "name": "Crusher",
    "desc": "You are practiced in the art of crushing your enemies, granting you the following benefits: \nIncrease your Strength or Constitution by 1, to a maximum of 20. \nOnce per turn, when you hit a creature with an attack that deals bludgeoning damage, you can move it 5 feet to an unoccupied space, provided the target is no more than one size larger than you. \nWhen you score a critical hit that deals bludgeoning damage to a creature, attack rolls against that creature are made with advantage until the start of your next turn.",
    "skills_count_choose": 0,
    "skills": [
    ]
  },
  {
    "name": "Defensive Duelist",
    "desc": "Prerequisite: Dexterity 13 or higher. \nWhen you are wielding a finesse weapon with which you are proficient and another creature hits you with a melee attack, you can use your reaction to add your proficiency bonus to your AC for that attack, potentially causing the attack to miss you.",
    "skills_count_choose": 0,
    "skills": [
    ]
  },
  {
    "name": "Dragon Fear",
    "desc": "Prerequisite: Dragonborn \nWhen angered, you can radiate menace. You gain the following benefits: \nIncrease your Strength, Constitution, or Charisma score by 1, to a maximum of 20. \nInstead of exhaling destructive energy, you can expend a use of your Breath Weapon trait to roar, forcing each creature of your choice within 30 feet of you to make a Wisdom saving throw (DC 8 + your proficiency bonus + your Charisma modifier). A target automatically succeeds on the save if it can’t hear or see you. On a failed save, a target becomes frightened of you for 1 minute. If the frightened target takes any damage, it can repeat the saving throw, ending the effect on itself on a success.",
    "skills_count_choose": 0,
    "skills": [
    ]
  },
  {
    "name": "Dragon Hide",
    "desc": "Prerequisite: Dragonborn \nYou manifest scales and claws reminiscent of your draconic ancestors. You gain the following benefits: \nIncrease your Strength, Constitution, or Charisma score by 1, to a maximum of 20. \nYour scales harden. While you aren’t wearing armor, you can calculate your AC as 13 + your Dexterity modifier. You can use a shield and still gain this benefit. \nYou grow retractable claws from the tips of your fingers. Extending or retracting the claws requires no action. The claws are natural weapons, which you can use to make unarmed strikes. If you hit with them, you deal slashing damage equal to 1d4 + your Strength modifier, instead of the normal bludgeoning damage for an unarmed strike.",
    "skills_count_choose": 0,
    "skills": [
    ]
  },
  {
    "name": "Drow High Magic",
    "desc": "Prerequisite: Elf (drow) \nYou learn more of the magic typical of dark elves. You learn the detect magic spell and can cast it at will, without expending a spell slot. You also learn levitate and dispel magic, each of which you can cast once without expending a spell slot. You regain the ability to cast those two spells in this way when you finish a long rest. Charisma is your spellcasting ability for all three spells.",
    "skills_count_choose": 0,
    "skills": [
    ]
  },
  {
    "name": "Duel Wielder",
    "desc": "You master fighting with two weapons, gaining the following benefits: \nYou gain a +1 bonus to AC while you are wielding a separate melee weapon in each hand. \nYou can use two-weapon fighting even when the one-handed melee weapons you are wielding aren't light. \nYou can draw or stow two one-handed weapons when you would normally be able to draw or stow only one.",
    "skills_count_choose": 0,
    "skills": [
    ]
  },
  {
    "name": "Dungeon Delver",
    "desc": "Alert to the hidden traps and secret doors found in many dungeons, you gain the following benefits: \nYou have advantage on Wisdom (Perception) and Intelligence (Investigation) checks made to detect the presence of secret doors. \nYou have advantage on saving throws made to avoid or resist traps. \nYou have resistance to the damage dealt by traps. \nTraveling at a fast pace doesn't impose the normal −5 penalty on your passive Wisdom (Perception) score.",
    "skills_count_choose": 0,
    "skills": [
    ]
  },
  {
    "name": "Durable",
    "desc": "Hardy and resilient, you gain the following benefits: \nIncrease your Constitution score by 1, to a maximum of 20. \nWhen you roll a Hit Die to regain hit points, the minimum number of hit points you regain from the roll equals twice your Constitution modifier (minimum of 2).",
    "skills_count_choose": 0,
    "skills": [
    ]
  },
  {
    "name": "Dwarven Fortitude",
    "desc": "Prerequisite: Dwarf \nYou have the blood of dwarf heroes flowing through your veins. You gain the following benefits: \nIncrease your Constitution score by 1, to a maximum of 20. \nWhenever you take the Dodge action in combat, you can spend one Hit Die to heal yourself. Roll the die, add your Constitution modifier, and regain a number of hit points equal to the total (minimum of 1).",
    "skills_count_choose": 0,
    "skills": [
    ]
  },
  {
    "name": "Eldritch Adept",
    "desc": "Prerequisite: Spellcasting or Pact Magic feature \nStudying occult lore, you have unlocked eldritch power within yourself: you learn one Eldritch Invocation option of your choice from the warlock class. If the invocation has a prerequisite of any kind, you can choose that invocation only if you’re a warlock who meets the prerequisite. \nWhenever you gain a level, you can replace the invocation with another one from the warlock class.",
    "skills_count_choose": 0,
    "skills": [
    ]
  },
  {
    "name": "Elemental Adept",
    "desc": "Prerequisite: The ability to cast at least one spell \nWhen you gain this feat, choose one of the following damage types: acid, cold, fire, lightning, or thunder. \nSpells you cast ignore resistance to damage of the chosen type. In addition, when you roll damage for a spell you cast that deals damage of that type, you can treat any 1 on a damage die as a 2. \nYou can select this feat multiple times. Each time you do so, you must choose a different damage type.",
    "skills_count_choose": 0,
    "skills": [
    ]
  },
  {
    "name": "Elven Accuracy",
    "desc": "Prerequisite: Elf, Half-elf \nThe accuracy of elves is legendary, especially that of elf archers and spellcasters. You have uncanny aim with attacks that rely on precision rather than brute force. You gain the following benefits: \nIncrease your Dexterity, Intelligence, Wisdom, or Charisma score by 1, to a maximum of 20. \nWhenever you have advantage on an attack roll using Dexterity, Intelligence, Wisdom, or Charisma, you can reroll one of the dice once.",
    "skills_count_choose": 0,
    "skills": [
    ]
  },
  {
    "name": "Fade Away",
    "desc": "Prerequisite: Gnome \nYour people are clever, with a knack for illusion magic. You have learned a magical trick for fading away when you suffer harm. You gain the following benefits: \nIncrease your Dexterity or Intelligence score by 1, to a maximum of 20. \nImmediately after you take damage, you can use a reaction to magically become invisible until the end of your next turn or until you attack, deal damage, or force someone to make a saving throw. Once you use this ability, you can’t do so again until you finish a short or long rest.",
    "skills_count_choose": 0,
    "skills": [
    ]
  },
  {
    "name": "Fey Teleportation",
    "desc": "Prerequisite: Elf (high) Elf (Aereni high) Elf (Valenar high) \nYour study of high elven lore has unlocked fey power that few other elves possess, except your eladrin cousins. Drawing on your fey ancestry, you can momentarily stride through the Feywild to shorten your path from one place to another. You gain the following benefits: \nIncrease your Intelligence or Charisma score by 1, to a maximum of 20. \nYou learn to speak, read, and write Sylvan. \nYou learn the misty step spell and can cast it once without expending a spell slot. You regain the ability to cast it in this way when you finish a short or long rest. Intelligence is your spellcasting ability for this spell.",
    "skills_count_choose": 0,
    "skills": [
    ]
  },

  {
    "name": "Fey Touched",
    "desc": "Your exposure to the Feywild’s magic has changed you, granting you the following benefits: \nIncrease your Intelligence, Wisdom, or Charisma score by 1, to a maximum of 20. \nYou learn the misty step spell and one 1st-level spell of your choice. The 1st-level spell must be from the divination or enchantment school of magic. You can cast each of these spells without expending a spell slot. Once you cast either of these spells in this way, you can’t cast that spell in this way again until you finish a long rest. You can also cast these spells using spell slots you have of the appropriate level. The spells’ spellcasting ability is the ability increased by this feat.",
    "skills_count_choose": 0,
    "skills": [
    ]
  },

  {
    "name": "Fighting Initiate",
    "desc": "Prerequisite: Proficiency with a martial weapon \nYour martial training has helped you develop a particular style of fighting. As a result, you learn one Fighting Style option of your choice from the fighter class. If you already have a style, the one you choose must be different. \nWhenever you reach a level that grants the Ability Score Improvement feature, you can replace this feat’s fighting style with another one from the fighter class that you don’t have.",
    "skills_count_choose": 0,
    "skills": [
    ]
  },
  {
    "name": "Firearm Specialist",
    "desc": "You are adept at using guns effectively. \nYou gain proficiency with Firearms. \nIf you roll a misfire on an attack with a firearm, you can use your reaction to roll a d20. If the number rolled is higher than the weapon’s misfire score, the firearm does not misfire. You cannot use this feature of this feat again until you complete a short or long rest. \nWhen you use the Attack action and attack with a one-handed weapon, you can use a bonus action to attack with a loaded firearm with the light property you are holding.",
    "skills_count_choose": 0,
    "skills": [
    ]
  },
  {
    "name": "Flames of Phlegethos",
    "desc": "Prerequisite: Tiefling or Feral Tiefling \nYou learn to call on hellfire to serve your commands. You gain the following benefits: \nIncrease your Intelligence or Charisma score by 1, to a maximum of 20. \nWhen you roll fire damage for a spell you cast, you can reroll any roll of 1 on the fire damage dice, but you must use the new roll, even if it is another 1. \nWhenever you cast a spell that deals fire damage, you can cause flames to wreathe you until the end of your next turn. The flames don’t harm you or your possessions, and they shed bright light out to 30 feet and dim light for an additional 30 feet. While the flames are present, any creature within 5 feet of you that hits you with a melee attack takes 1d4 fire damage.",
    "skills_count_choose": 0,
    "skills": [
    ]
  },
  {
    "name": "Grappler",
    "desc": "Prerequisite: Strength 13 or higher. \nYou’ve developed the skills necessary to hold your own in close-quarters grappling. You gain the following benefits: \nYou have advantage on attack rolls against a creature you are grappling. \nYou can use your action to try to pin a creature grappled by you. To do so, make another grapple check. If you succeed, you and the creature are both restrained until the grapple ends.",
    "skills_count_choose": 0,
    "skills": [
    ]
  },
  {
    "name": "Gunner",
    "desc": "You have a quick hand and keen eye when employing firearms, granting you the following benefits: \nIncrease your Dexterity score by 1, to a maximum of 20. \nYou gain proficiency with firearms (see “Firearms” in the Dungeon Master’s Guide). \nYou ignore the loading property of firearms. \nBeing within 5 feet of a hostile creature doesn’t impose disadvantage on your ranged attack rolls.",
    "skills_count_choose": 0,
    "skills": [
    ]
  },
  {
    "name": "Great Weapon Master",
    "desc": "You've learned to put the weight of a weapon to your advantage, letting its momentum empower your strikes. You gain the following benefits: \nOn your turn, when you score a critical hit with a melee weapon or reduce a creature to 0 hit points with one, you can make one melee weapon attack as a bonus action. \nBefore you make a melee attack with a heavy weapon that you are proficient with, you can choose to take a -5 penalty to the attack roll. If the attack hits, you add +10 to the attack's damage.",
    "skills_count_choose": 0,
    "skills": [
    ]
  },
  {
    "name": "Healer",
    "desc": "You are an able physician, allowing you to mend wounds quickly and get your allies back in the fight. You gain the following benefits: \nWhen you use a healer's kit to stabilize a dying creature, that creature also regains 1 hit point. \nAs an action, you can spend one use of a healer's kit to tend to a creature and restore 1d6 + 4 hit points to it, plus additional hit points equal to the creature's maximum number of Hit Dice. The creature can't regain hit points from this feat again until it finishes a short or long rest.",
    "skills_count_choose": 0,
    "skills": [
    ]
  },
  {
    "name": "Heavily Armored",
    "desc": "Prerequisite: Proficiency with medium armor \nYou have trained to master the use of heavy armor, gaining the following benefits: \nIncrease your Strength score by 1, to a maximum of 20. \nYou gain proficiency with heavy armor.",
    "skills_count_choose": 0,
    "skills": [
    ]
  },
  {
    "name": "Heavy Armor Master",
    "desc": "Prerequisite: Proficiency with heavy armor \nYou can use your armor to deflect strikes that would kill others. You gain the following benefits: \nIncrease your Strength score by 1, to a maximum of 20. \nWhile you are wearing heavy armor, bludgeoning, piercing, and slashing damage that you take from nonmagical weapons is reduced by 3.",
    "skills_count_choose": 0,
    "skills": [
    ]
  },
  {
    "name": "Infernal Constitution",
    "desc": "Prerequisite: Tiefling or Feral Tiefling \nFiendish blood runs strong in you, unlocking a resilience akin to that possessed by some fiends. You gain the following benefits: \nIncrease your Constitution score by 1, to a maximum of 20. \nYou have resistance to cold damage and poison damage. \nYou have advantage on saving throws against being poisoned.",
    "skills_count_choose": 0,
    "skills": [
    ]
  },
  {
    "name": "Inspiring Leader",
    "desc": "Prerequisite: Charisma 13 or higher. \nYou can spend 10 minutes inspiring your companions, shoring up their resolve to fight. When you do so, choose up to six friendly creatures (which can include yourself) within 30 feet of you who can see or hear you and who can understand you. Each creature can gain temporary hit points equal to your level + your Charisma modifier. A creature can't gain temporary hit points from this feat again until it has finished a short or long rest.",
    "skills_count_choose": 0,
    "skills": [
    ]
  },
  {
    "name": "Keen Mind",
    "desc": "You have a mind that can track time, direction, and detail with uncanny precision. You gain the following benefits. \nIncrease your Intelligence score by 1, to a maximum of 20. \nYou always know which way is north. \nYou always know the number of hours left before the next sunrise or sunset. \nYou can accurately recall anything you have seen or heard within the past month.",
    "skills_count_choose": 0,
    "skills": [
    ]
  },
  {
    "name": "Lightly Armored",
    "desc": "You have trained to master the use of light armor, gaining the following benefits: \nIncrease your Strength or Dexterity score by 1, to a maximum of 20. \nYou gain proficiency with light armor.",
    "skills_count_choose": 0,
    "skills": [
    ]
  },
  {
    "name": "Linguist",
    "desc": "You have studied languages and codes, gaining the following benefits: \nIncrease your Intelligence score by 1, to a maximum of 20. \nYou learn three languages of your choice. \nYou can ably create written ciphers. Others can't decipher a code you create unless you teach them, they succeed on an Intelligence check (DC equal to your Intelligence score + your proficiency bonus), or they use magic to decipher it.",
    "skills_count_choose": 0,
    "skills": [
    ]
  },
  {
    "name": "Lucky",
    "desc": "You have inexplicable luck that seems to kick in at just the right moment. \nYou have 3 luck points. Whenever you make an attack roll, an ability check, or a saving throw, you can spend one luck point to roll an additional d20. You can choose to spend one of your luck points after you roll the die, but before the outcome is determined. You choose which of the d20s is used for the attack roll, ability check, or saving throw. \nYou can also spend one luck point when an attack roll is made against you. Roll a d20, and then choose whether the attack uses the attacker's roll or yours. If more than one creature spends a luck point to influence the outcome of a roll, the points cancel each other out; no additional dice are rolled. \nYou regain your expended luck points when you finish a long rest.",
    "skills_count_choose": 0,
    "skills": [
    ]
  },
  {
    "name": "Mage Slayer",
    "desc": "You have practiced techniques useful in melee combat against spellcasters, gaining the following benefits: \nWhen a creature within 5 feet of you casts a spell, you can use your reaction to make a melee weapon attack against that creature. \nWhen you damage a creature that is concentrating on a spell, that creature has disadvantage on the saving throw it makes to maintain its concentration. \nYou have advantage on saving throws against spells cast by creatures within 5 feet of you.",
    "skills_count_choose": 0,
    "skills": [
    ]
  },
  {
    "name": "Magic Initiate",
    "desc": "Choose a class: bard, cleric, druid, sorcerer, warlock, or wizard. You learn two cantrips of your choice from that class's spell list. \nIn addition, choose one 1st-level spell from that same list. You learn that spell and can cast it at its lowest level. Once you cast it, you must finish a long rest before you can cast it again using this feat. \nYour spellcasting ability for these spells depends on the class you chose: Charisma for bard, sorcerer, or warlock; Wisdom for cleric or druid; or Intelligence for wizard.",
    "skills_count_choose": 0,
    "skills": [
    ]
  },
  {
    "name": "Martial Adept",
    "desc": "You have martial training that allows you to perform special combat maneuvers. You gain the following benefits: \nYou learn two maneuvers of your choice from among those available to the Battle Master archetype in the fighter class. If a maneuver you use requires your target to make a saving throw to resist the maneuver's effects, the saving throw DC equals 8 + your proficiency bonus + your Strength or Dexterity modifier (your choice). \nYou gain one superiority die, which is a d6 (this die is added to any superiority dice you have from another source). This die is used to fuel your maneuvers. A superiority die is expended when you use it. You regain your expended superiority dice when you finish a short or long rest.",
    "skills_count_choose": 0,
    "skills": [
    ]
  },
  {
    "name": "Medium Armor Master",
    "desc": "Prerequisite: Proficiency with medium armor \nYou have practiced moving in medium armor to gain the following benefits: \nWearing medium armor doesn't impose disadvantage on your Dexterity (Stealth) checks. \nWhen you wear medium armor, you can add 3, rather than 2, to your AC if you have a Dexterity of 16 or higher.",
    "skills_count_choose": 0,
    "skills": [
    ]
  },
  {
    "name": "Metamagic Adept",
    "desc": "Prerequisite: Spellcasting or Pact Magic feature \nYou’ve learned how to exert your will on your spells to alter how they function: \nYou learn two Metamagic options of your choice from the sorcerer class. You can use only one Metamagic option on a spell when you cast it, unless the option says otherwise. Whenever you reach a level that grants the Ability Score Improvement feature, you can replace one of these Metamagic options with another one from the sorcerer class. \nYou gain 2 sorcery points to spend on Metamagic (these points are added to any sorcery points you have from another source but can be used only on Metamagic). You regain all spent sorcery points when you finish a long rest.",
    "skills_count_choose": 0,
    "skills": [
    ]
  },
  {
    "name": "Mobile",
    "desc": "You are exceptionally speedy and agile. You gain the following benefits: \nYour speed increases by 10 feet. \nWhen you use the Dash action, difficult terrain doesn't cost you extra movement on that turn. \nWhen you make a melee attack against a creature, you don't provoke opportunity attacks from that creature for the rest of the turn, whether you hit or not.",
    "skills_count_choose": 0,
    "skills": [
    ]
  },
  {
    "name": "Moderately Armored",
    "desc": "Prerequisite: Proficiency with light armor \nYou have trained to master the use of medium armor and shields, gaining the following benefits: \nIncrease your Strength or Dexterity score by 1, to a maximum of 20. \nYou gain proficiency with medium armor and shields.",
    "skills_count_choose": 0,
    "skills": [
    ]
  },
  {
    "name": "Mounted Combatant",
    "desc": "You are a dangerous foe to face while mounted. While you are mounted and aren't incapacitated, you gain the following benefits: \nYou have advantage on melee attack rolls against any unmounted creature that is smaller than your mount. \nYou can force an attack targeted at your mount to target you instead. \nIf your mount is subjected to an effect that allows it to make a Dexterity saving throw to take only half damage, it instead takes no damage if it succeeds on the saving throw, and only half damage if it fails.",
    "skills_count_choose": 0,
    "skills": [
    ]
  },
  {
    "name": "Observant",
    "desc": "Quick to notice details of your environment, you gain the following benefits: \nIncrease your Intelligence or Wisdom score by 1, to a maximum of 20. \nIf you can see a creature's mouth while it is speaking a language you understand, you can interpret what it's saying by reading its lips. \nYou have a +5 bonus to your passive Wisdom (Perception) and passive Intelligence (Investigation) scores.",
    "skills_count_choose": 0,
    "skills": [
    ]
  },
  {
    "name": "Orcish Fury",
    "desc": "Prerequisite: Half-orc \nYour inner fury burns tirelessly. You gain the following benefits: \nIncrease your Strength or Constitution score by 1, to a maximum of 20. \nWhen you hit with an attack using a simple or martial weapon, you can roll one of the weapon’s damage dice an additional time and add it as extra damage of the weapon’s damage type. Once you use this ability, you can’t use it again until you finish a short or long rest. \nImmediately after you use your Relentless Endurance trait, you can use your reaction to make one weapon attack.",
    "skills_count_choose": 0,
    "skills": [
    ]
  },
  {
    "name": "Piercer",
    "desc": "You have achieved a penetrating precision in combat, granting you the following benefits: \nIncrease your Strength or Dexterity by 1, to a maximum of 20. \nOnce per turn, when you hit a creature with an attack that deals piercing damage, you can reroll one of the attack’s damage dice, and you must use the new roll. \nWhen you score a critical hit that deals piercing damage to a creature, you can roll one additional damage die when determining the extra piercing damage the target takes.",
    "skills_count_choose": 0,
    "skills": [
    ]
  },
  {
    "name": "Poisoner",
    "desc": "You can prepare and deliver deadly poisons, granting you the following benefits: \nWhen you make a damage roll that deals poison damage, it ignores resistance to poison damage. \nYou can apply poison to a weapon or piece of ammunition as a bonus action, instead of an action. \nYou gain proficiency with the poisoner’s kit if you don’t already have it. With one hour of work using a poisoner’s kit and expending 50 gp worth of materials, you can create a number of doses of potent poison equal to your proficiency bonus. Once applied to a weapon or piece of ammunition, the poison retains its potency for 1 minute or until you hit with the weapon or ammunition. When a creature takes damage from the coated weapon or ammunition, that creature must succeed on a DC 14 Constitution saving throw or take 2d8 poison damage and become poisoned until the end of your next turn.",
    "skills_count_choose": 0,
    "skills": [
    ]
  },
  {
    "name": "Polearm Master",
    "desc": "You can keep your enemies at bay with reach weapons. You gain the following benefits: \nWhen you take the Attack action and attack with only a glaive, halberd, quarterstaff, or spear, you can use a bonus action to make a melee attack with the opposite end of the weapon. This attack uses the same ability modifier as the primary attack. The weapon’s damage die for this attack is a d4, and it deals bludgeoning damage. \nWhile you are wielding a glaive, halberd, pike, quarterstaff, or spear, other creatures provoke an opportunity attack from you when they enter your reach.",
    "skills_count_choose": 0,
    "skills": [
    ]
  },
  {
    "name": "Prodigy",
    "desc": "Prerequisite: Half-elf, Half-orc, or Human \nYou have a knack for learning new things. You gain the following benefits: \nYou gain one skill proficiency of your choice, one tool proficiency of your choice, and fluency in one language of your choice. \nChoose one skill in which you have proficiency. You gain expertise with that skill, which means your proficiency bonus is doubled for any ability check you make with it. The skill you choose must be one that isn’t already benefiting from a feature, such as Expertise, that doubles your proficiency bonus.",
    "skills_count_choose": 1,
    "skills": ["Acrobatics","Animal Handling","Arcana","Athletics","Deception","History","Insight","Intimidation","Investigation","Medicine","Nature","Perception","Performance","Persuasion","Religion","Sleight of Hand","Stealth","Survival"]
  },
  {
    "name": "Resilient",
    "desc": "Choose one ability score. You gain the following benefits: \nIncrease the chosen ability score by 1, to a maximum of 20. \nYou gain proficiency in saving throws using the chosen ability.",
    "skills_count_choose": 0,
    "skills": [
    ]
  },
  {
    "name": "Revenant Blade",
    "desc": "Prerequisite: Elf \nYou are descended from a master of the double-bladed scimitar, and some of that mastery has passed on to you. You gain the following benefits: \nIncrease your Dexterity or Strength score by 1, to a maximum of 20. \nWhile you are holding a double-bladed scimitar with two hands, you gain a +1 bonus to Armor Class. \nA double-bladed scimitar has the finesse property when you wield it. \nTo gain the weapon benefits of this feat, equip a Revenant Double-Bladed Scimitar or create your own similar weapon.",
    "skills_count_choose": 0,
    "skills": [
    ]
  },
  {
    "name": "Ritual Caster",
    "desc": "Prerequisite: Intelligence or Wisdom of 13 or higher. \nYou have learned a number of spells that you can cast as rituals. These spells are written in a ritual book, which you must have in hand while casting one of them. \nWhen you choose this feat, you acquire a ritual book holding two 1st-level spells of your choice. Choose one of the following classes: bard, cleric, druid, sorcerer, warlock, or wizard. You must choose your spells from that class's spell list, and the spells you choose must have the ritual tag. The class you choose also determines your spellcasting ability for these spells: Charisma for bard, sorcerer, or warlock; Wisdom for cleric or druid; or Intelligence for wizard. \nIf you come across a spell in written form, such as a magical spell scroll or a wizard's spellbook, you might be able to add it to your ritual book. The spell must be on the spell list for the class you chose, the spell's level can be no higher than half your level (rounded up), and it must have the ritual tag. The process of copying the spell into your ritual book takes 2 hours per level of the spell, and costs 50 gp per level. The cost represents material components you expend as you experiment with the spell to master it, as well as the fine inks you need to record it.",
    "skills_count_choose": 0,
    "skills": [
    ]
  },
  {
    "name": "Savage Attacker",
    "desc": "Once per turn when you roll damage for a melee weapon attack, you can reroll the weapon’s damage dice and use either total.",
    "skills_count_choose": 0,
    "skills": [
    ]
  },
  {
    "name": "Second Chance",
    "desc": "Prerequisite: Halfling \nFortune favors you when someone tries to strike you. You gain the following benefits: \nIncrease your Dexterity, Constitution, or Charisma score by 1, to a maximum of 20. \nWhen a creature you can see hits you with an attack roll, you can use your reaction to force that creature to reroll. Once you use this ability, you can’t use it again until you roll initiative at the start of combat or until you finish a short or long rest.",
    "skills_count_choose": 0,
    "skills": [
    ]
  },
  {
    "name": "Sentinel",
    "desc": "You have mastered techniques to take advantage of every drop in any enemy's guard, gaining the following benefits: \nWhen you hit a creature with an opportunity attack, the creature's speed becomes 0 for the rest of the turn. \nCreatures provoke opportunity attacks from you even if they take the Disengage action before leaving your reach. \nWhen a creature within 5 feet of you makes an attack against a target other than you (and that target doesn't have this feat), you can use your reaction to make a melee weapon attack against the attacking creature.",
    "skills_count_choose": 0,
    "skills": [
    ]
  },
  {
    "name": "Shadow Touched",
    "desc": "Your exposure to the Shadowfell’s magic has changed you, granting you the following benefits: \nIncrease your Intelligence, Wisdom, or Charisma score by 1, to a maximum of 20. \nYou learn the invisibility spell and one 1st-level spell of your choice. The 1st-level spell must be from the illusion or necromancy school of magic. You can cast each of these spells without expending a spell slot. Once you cast either of these spells in this way, you can’t cast that spell in this way again until you finish a long rest. You can also cast these spells using spell slots you have of the appropriate level. The spells’ spellcasting ability is the ability increased by this feat.",
    "skills_count_choose": 0,
    "skills": [
    ]
  },
  {
    "name": "Sharpshooter",
    "desc": "You have mastered ranged weapons and can make shots that others find impossible. You gain the following benefits: \nAttacking at long range doesn't impose disadvantage on your ranged weapon attack rolls. \nYour ranged weapon attacks ignore half cover and three-quarters cover. \nBefore you make an attack with a ranged weapon that you are proficient with, you can choose to take a -5 penalty to the attack roll. If the attack hits, you add +10 to the attack's damage.",
    "skills_count_choose": 0,
    "skills": [
    ]
  },
  {
    "name": "Shield Master",
    "desc": "You use shields not just for protection but also for offense. You gain the following benefits while you are wielding a shield: \nIf you take the Attack action on your turn, you can use a bonus action to try to shove a creature within 5 feet of you with your shield. \nIf you aren't incapacitated, you can add your shield's AC bonus to any Dexterity saving throw you make against a spell or other harmful effect that targets only you. \nIf you are subjected to an effect that allows you to make a Dexterity saving throw to take only half damage, you can use your reaction to take no damage if you succeed on the saving throw, interposing your shield between yourself and the source of the effect.",
    "skills_count_choose": 0,
    "skills": [
    ]
  },
  {
    "name": "Skilled",
    "desc": "You gain proficiency in any combination of three skills or tools of your choice.",
    "skills_count_choose": 0,
    "skills": [
    ]
  },
  {
    "name": "Skill Expert",
    "desc": "You have honed your proficiency with particular skills, granting you the following benefits: \nIncrease one ability score of your choice by 1, to a maximum of 20. \nYou gain proficiency in one skill of your choice. \nChoose one skill in which you have proficiency. You gain expertise with that skill, which means your proficiency bonus is doubled for any ability check you make with it. The skill you choose must be one that isn’t already benefiting from a feature, such as Expertise, that doubles your proficiency bonus.",
    "skills_count_choose": 0,
    "skills": [
    ]
  },
  {
    "name": "Skulker",
    "desc": "Prerequisite: Dexterity 13 or higher. \nYou are expert at slinking through shadows. You gain the following benefits: \nYou can try to hide when you are lightly obscured from the creature from which you are hiding. \nWhen you are hidden from a creature and miss it with a ranged weapon attack, making the attack doesn't reveal your position. \nDim light doesn't impose disadvantage on your Wisdom (Perception) checks relying on sight.",
    "skills_count_choose": 0,
    "skills": [
    ]
  },
  {
    "name": "Slasher",
    "desc": "You’ve learned where to cut to have the greatest results, granting you the following benefits: \nIncrease your Strength or Dexterity by 1, to a maximum of 20. \nOnce per turn when you hit a creature with an attack that deals slashing damage, you can reduce the speed of the target by 10 feet until the start of your next turn. \nWhen you score a critical hit that deals slashing damage to a creature, you grievously wound it. Until the start of your next turn, the target has disadvantage on all attack rolls.",
    "skills_count_choose": 0,
    "skills": [
    ]
  },
  {
    "name": "Spell Sniper",
    "desc": "Prerequisite: The ability to cast at least one spell \nYou have learned techniques to enhance your attacks with certain kinds of spells, gaining the following benefits: \nWhen you cast a spell that requires you to make an attack roll, the spell’s range is doubled. \nYour ranged spell attacks ignore half cover and three-quarters cover. \nYou learn one cantrip that requires an attack roll. Choose the cantrip from the bard, cleric, druid, sorcerer, warlock, or wizard spell list. Your spellcasting ability for this cantrip depends on the spell list you chose from: Charisma for bard, sorcerer, or warlock; Wisdom for cleric or druid; or Intelligence for wizard.",
    "skills_count_choose": 0,
    "skills": [
    ]
  },
  {
    "name": "Squat Nimbleness",
    "desc": "Prerequisite: Dwarf or a Small race \nYou are uncommonly nimble for your race. You gain the following benefits: \nIncrease your Strength or Dexterity score by 1, to a maximum of 20. \nIncrease your walking speed by 5 feet. \nYou gain proficiency in the Acrobatics or Athletics skill (your choice). \nYou have advantage on any Strength (Athletics) or Dexterity (Acrobatics) check you make to escape from being grappled.",
    "skills_count_choose": 1,
    "skills": ["Acrobatics","Athletics"]
  },
  {
    "name": "Svirfneblin Magic",
    "desc": "Prerequisite: Gnome (deep gnome) \nYou have inherited the innate spellcasting ability of your ancestors. This ability allows you to cast nondetection on yourself at will, without needing a material component. You can also cast each of the following spells once with this ability: blindness/deafness, blur, and disguise self. You regain the ability to cast these spells when you finish a long rest. \nIntelligence is your spellcasting ability for these spells, and you cast them at their lowest possible levels.",
    "skills_count_choose": 0,
    "skills": [
    ]
  },
  {
    "name": "Tavern Brawler",
    "desc": "Accustomed to rough-and-tumble fighting using whatever weapons happen to be at hand, you gain the following benefits: \nIncrease your Strength or Constitution score by 1, to a maximum of 20. \nYou are proficient with improvised weapons. \nYour unarmed strike uses a d4 for damage. \nWhen you hit a creature with an unarmed strike or an improvised weapon on your turn, you can use a bonus action to attempt to grapple the target.",
    "skills_count_choose": 0,
    "skills": [
    ]
  },
  {
    "name": "Telekinetic",
    "desc": "You learn to move things with your mind, granting you the following benefits: \nIncrease your Intelligence, Wisdom, or Charisma score by 1, to a maximum of 20. \nYou learn the mage hand cantrip. You can cast it without verbal or somatic components, and you can make the spectral hand invisible. If you already know this spell, its range increases by 30 feet when you cast it. Its spellcasting ability is the ability increased by this feat. \nAs a bonus action, you can try to telekinetically shove one creature you can see within 30 feet of you. When you do so, the target must succeed on a Strength saving throw (DC 8 + your proficiency bonus + the ability modifier of the score increased by this feat) or be moved 5 feet toward you or away from you. A creature can willingly fail this save.",
    "skills_count_choose": 0,
    "skills": [
    ]
  },
  {
    "name": "Telepathic",
    "desc": "You awaken the ability to mentally connect with others, granting you the following benefits: \nIncrease your Intelligence, Wisdom, or Charisma score by 1, to a maximum of 20. \nYou can speak telepathically to any creature you can see within 60 feet of you. Your telepathic utterances are in a language you know, and the creature understands you only if it knows that language. Your communication doesn’t give the creature the ability to respond to you telepathically. \nYou can cast the detect thoughts spell, requiring no spell slot or components, and you must finish a long rest before you can cast it this way again. Your spellcasting ability for the spell is the ability increased by this feat. If you have spell slots of 2nd level or higher, you can cast this spell with them.",
    "skills_count_choose": 0,
    "skills": [
    ]
  },
  {
    "name": "Tough",
    "desc": "Your hit point maximum increases by an amount equal to twice your level when you gain this feat. Whenever you gain a level thereafter, your hit point maximum increases by an additional 2 hit points.",
    "skills_count_choose": 0,
    "skills": [
    ]
  },
  {
    "name": "War Caster",
    "desc": "Prerequisite: The ability to cast at least one spell \nYou have practiced casting spells in the midst of combat, learning techniques that grant you the following benefits: \nYou have advantage on Constitution saving throws that you make to maintain your concentration on a spell when you take damage. \nYou can perform the somatic components of spells even when you have weapons or a shield in one or both hands. \nWhen a hostile creature's movement provokes an opportunity attack from you, you can use your reaction to cast a spell at the creature, rather than making an opportunity attack. The spell must have a casting time of 1 action and must target only that creature.",
    "skills_count_choose": 0,
    "skills": [
    ]
  },
  {
    "name": "Weapon Master",
    "desc": "You have practiced extensively with a variety of weapons, gaining the following benefits: \nIncrease your Strength or Dexterity score by 1, to a maximum of 20. \nYou gain proficiency with four weapons of your choice. Each one must be a simple or a martial weapon.",
    "skills_count_choose": 0,
    "skills": [
    ]
  },
  {
    "name": "Wood Elf Magic",
    "desc": "Prerequisite: Elf (wood) Elf - Valenar Wood Elf Elf - Aereni Wood Elf \nYou learn the magic of the primeval woods, which are revered and protected by your people. You learn one druid cantrip of your choice. You also learn the longstrider and pass without trace spells, each of which you can cast once without expending a spell slot. You regain the ability to cast these two spells in this way when you finish a long rest. Wisdom is your spellcasting ability for all three spells.",
    "skills_count_choose": 0,
    "skills": [
    ]
  }
]

