[  {
    "name": "Aarakocra",
    "speed": 25,
    "ability_bonuses": [
      0,2,0,0,1,0
    ],
    "flex_ability_bonuses": null,
    "traits": [
      {
        "name": "Flight",
        "desc": "You have a flying speed of 50 feet. To use this speed, you can’t be wearing medium or heavy armor."
      },
      {
        "name": "Talons",
        "desc": "Your talons are natural weapons, which you can use to make unarmed strikes. If you hit with them, you deal slashing damage equal to 1d4 + your Strength modifier, instead of the bludgeoning damage normal for an unarmed strike."
      },
      {
        "name": "Ability Score Increase",
        "desc": "Your Dexterity score increases by 2, and your Wisdom score increases by 1."
      },
      {
        "name": "Age",
        "desc": "Aarakocra reach maturity by age 3. Compared to humans, aarakocra don’t usually live longer than 30 years."
      },
      {
        "name": "Alignment",
        "desc": "Most aarakocra are good and rarely choose sides when it comes to law and chaos. Tribal leaders and warriors might be lawful, while explorers and adventurers might tend toward chaotic."
      },
      {
        "name": "Size",
        "desc": "Aarakocra are about 5 feet tall. They have thin, lightweight bodies that weigh between 80 and 100 pounds. Your size is Medium."
      },
      {
        "name": "Speed",
        "desc": "Your base walking speed is 25 feet."
      },
      {
        "name": "Languages",
        "desc": "You can speak, read, and write Common, Aarakocra, and Auran."
      }
    ]
  },
  {
    "name": "Aasimar (Fallen)",
    "speed": 30,
    "ability_bonuses": [
      1,0,0,0,0,2
    ],
    "flex_ability_bonuses": null,
    "traits": [
      {
        "name": "Darkvision",
        "desc": "Blessed with a radiant soul, your vision can easily cut through darkness. You can see in dim light within 60 feet of you as if it were bright light, and in darkness as if it were dim light. You can’t discern color in darkness, only shades of gray."
      },
      {
        "name": "Celestial Resistance",
        "desc": "You have resistance to necrotic damage and radiant damage."
      },
      {
        "name": "Healing Hands",
        "desc": "As an action, you can touch a creature and cause it to regain a number of hit points equal to your level. Once you use this trait, you can’t use it again until you finish a long rest."
      },
      {
        "name": "Light Bearer",
        "desc": "You know the light cantrip. Charisma is your spellcasting ability for it."
      },
      {
        "name": "Ability Score Increase",
        "desc": "Your Charisma score increases by 2, and your Strength by 1."
      },
      {
        "name": "Age",
        "desc": "Aasimar mature at the same rate as humans, but they can live up to 160 years."
      },
      {
        "name": "Alignment",
        "desc": "Imbued with celestial power, most aasimar are good. Outcast aasimar are most often neutral or even evil."
      },
      {
        "name": "Size",
        "desc": "Aasimar have the same range of height and weight as humans."
      },
      {
        "name": "Speed",
        "desc": "Your base walking speed is 30 feet."
      },
      {
        "name": "Languages",
        "desc": "You can speak, read, and write Common and Celestial."
      },
      {
        "name": "Necrotic Shroud",
        "desc": "Starting at 3rd level, you can use your action to unleash the divine energy within yourself, causing your eyes to turn into pools of darkness and two skeletal, ghostly, flightless wings to sprout from your back. The instant you transform, other creatures within 10 feet of you that can see you must each succeed on a Charisma saving throw (DC 8 + your proficiency bonus + your Charisma modifier) or become frightened of you until the end of your next turn. \nYour transformation lasts for 1 minute or until you end it as a bonus action. During it, once on each of your turns, you can deal extra necrotic damage to one target when you deal damage to it with an attack or a spell. The extra necrotic damage equals your level. \nOnce you use this trait, you can’t use it again until you finish a long rest."
      }
    ]
  },
  {
    "name": "Aasimar (Protector)",
    "speed": 30,
    "ability_bonuses": [
      0,0,0,0,1,2
    ],
    "flex_ability_bonuses": null,
    "traits": [
      {
        "name": "Darkvision",
        "desc": "Blessed with a radiant soul, your vision can easily cut through darkness. You can see in dim light within 60 feet of you as if it were bright light, and in darkness as if it were dim light. You can’t discern color in darkness, only shades of gray."
      },
      {
        "name": "Celestial Resistance",
        "desc": "You have resistance to necrotic damage and radiant damage."
      },
      {
        "name": "Healing Hands",
        "desc": "As an action, you can touch a creature and cause it to regain a number of hit points equal to your level. Once you use this trait, you can’t use it again until you finish a long rest."
      },
      {
        "name": "Light Bearer",
        "desc": "You know the light cantrip. Charisma is your spellcasting ability for it."
      },
      {
        "name": "Ability Score Increase",
        "desc": "Your Charisma score increases by 2, and your Wisdom by 1."
      },
      {
        "name": "Age",
        "desc": "Aasimar mature at the same rate as humans, but they can live up to 160 years."
      },
      {
        "name": "Alignment",
        "desc": "Imbued with celestial power, most aasimar are good. Outcast aasimar are most often neutral or even evil."
      },
      {
        "name": "Size",
        "desc": "Aasimar have the same range of height and weight as humans."
      },
      {
        "name": "Speed",
        "desc": "Your base walking speed is 30 feet."
      },
      {
        "name": "Languages",
        "desc": "You can speak, read, and write Common and Celestial."
      },
      {
        "name": "Radiant Soul",
        "desc": "Starting at 3rd level, you can use your action to unleash the divine energy within yourself, causing your eyes to glimmer and two luminous, incorporeal wings to sprout from your back. \nYour transformation lasts for 1 minute or until you end it as a bonus action. During it, you have a flying speed of 30 feet, and once on each of your turns, you can deal extra radiant damage to one target when you deal damage to it with an attack or a spell. The extra radiant damage equals your level. \nOnce you use this trait, you can’t use it again until you finish a long rest."
      }
    ]
  },
  {
    "name": "Aasimar (Scourge)",
    "speed": 30,
    "ability_bonuses": [
      0,0,1,0,0,2
    ],
    "flex_ability_bonuses": null,
    "traits": [
      {
        "name": "Darkvision",
        "desc": "Blessed with a radiant soul, your vision can easily cut through darkness. You can see in dim light within 60 feet of you as if it were bright light, and in darkness as if it were dim light. You can’t discern color in darkness, only shades of gray."
      },
      {
        "name": "Celestial Resistance",
        "desc": "You have resistance to necrotic damage and radiant damage."
      },
      {
        "name": "Healing Hands",
        "desc": "As an action, you can touch a creature and cause it to regain a number of hit points equal to your level. Once you use this trait, you can’t use it again until you finish a long rest."
      },
      {
        "name": "Light Bearer",
        "desc": "You know the light cantrip. Charisma is your spellcasting ability for it."
      },
      {
        "name": "Ability Score Increase",
        "desc": "Your Charisma score increases by 2, and your Wisdom by 1."
      },
      {
        "name": "Age",
        "desc": "Aasimar mature at the same rate as humans, but they can live up to 160 years."
      },
      {
        "name": "Alignment",
        "desc": "Imbued with celestial power, most aasimar are good. Outcast aasimar are most often neutral or even evil."
      },
      {
        "name": "Size",
        "desc": "Aasimar have the same range of height and weight as humans."
      },
      {
        "name": "Speed",
        "desc": "Your base walking speed is 30 feet."
      },
      {
        "name": "Languages",
        "desc": "You can speak, read, and write Common and Celestial."
      },
      {
        "name": "Radiant Consumption",
        "desc": "Starting at 3rd level, you can use your action to unleash the divine energy within yourself, causing a searing light to radiate from you, pour out of your eyes and mouth, and threaten to char you. \nYour transformation lasts for 1 minute or until you end it as a bonus action. During it, you shed bright light in a 10-foot radius and dim light for an additional 10 feet, and at the end of each of your turns, you and each creature within 10 feet of you take radiant damage equal to half your level (rounded up). In addition, once on each of your turns, you can deal extra radiant damage to one target when you deal damage to it with an attack or a spell. The extra radiant damage equals your level. \nOnce you use this trait, you can’t use it again until you finish a long rest."
      }
    ]
  },
  {
    "name": "Bugbear",
    "speed": 30,
    "ability_bonuses": [
      2,1,0,0,0,0
    ],
    "flex_ability_bonuses": null,
    "traits": [
      {
        "name": "Darkvision",
        "desc": "Blessed with a radiant soul, your vision can easily cut through darkness. You can see in dim light within 60 feet of you as if it were bright light, and in darkness as if it were dim light. You can’t discern color in darkness, only shades of gray."
      },
      {
        "name": "Long-Limbed",
        "desc": "When you make a melee attack on your turn, your reach for it is 5 feet greater than normal."
      },
      {
        "name": "Powerful Build",
        "desc": "You count as one size larger when determining your carrying capacity and the weight you can push, drag, or lift."
      },
      {
        "name": "Sneaky",
        "desc": "You are proficient in the Stealth skill."
      },
      {
        "name": "Surprise Attack",
        "desc": "If you surprise a creature and hit it with an attack on your first turn in combat, the attack deals an extra 2d6 damage to it. You can use this trait only once per combat."
      },
      {
        "name": "Ability Score Increase",
        "desc": "Your Strength score increases by 2, and your Dexterity score increases by 1."
      },
      {
        "name": "Age",
        "desc": "Bugbears reach adulthood at age 16 and live up to 80 years."
      },
      {
        "name": "Alignment",
        "desc": "Bugbears endure a harsh existence that demands each of them to remain self-sufficient, even at the expense of their fellows. They tend to be chaotic evil."
      },
      {
        "name": "Size",
        "desc": "Bugbears are between 6 and 8 feet tall and weigh between 250 and 350 pounds. Your size is Medium."
      },
      {
        "name": "Speed",
        "desc": "Your base walking speed is 30 feet."
      },
      {
        "name": "Languages",
        "desc": "You can speak, read, and write Common and Goblin."
      }
    ]
  },
  {
    "name": "Dwarf (Gray)",
    "speed": 30,
    "ability_bonuses": [
      1,0,2,0,0,0
    ],
    "flex_ability_bonuses": null,
    "traits": [
      {
        "name": "Superior Darkvision",
        "desc": "Accustomed to life underground, you have superior vision in dark and dim conditions. You can see in dim light within 120 feet of you as if it were bright light, and in darkness as if it were dim light. You can’t discern color in darkness, only shades of gray."
      },
      {
        "name": "Dwarven Resilience",
        "desc": "You have advantage on saving throws against poison, and you have resistance against poison damage."
      },
      {
        "name": "Dwarven Combat Training",
        "desc": "You have proficiency with the battleaxe, handaxe, light hammer, and warhammer."
      },
      {
        "name": "Tool Proficiency",
        "desc": "You gain proficiency with the artisan’s tools of your choice: smith’s tools, brewer’s supplies, or mason’s tools."
      },
      {
        "name": "Stonecunning",
        "desc": "Whenever you make an Intelligence (History) check related to the origin of stonework, you are considered proficient in the History skill and add double your proficiency bonus to the check, instead of your normal proficiency bonus."
      },
      {
        "name": "Duergar Resilience",
        "desc": "You have advantage on saving throws against illusions and against being charmed or paralyzed."
      },
      {
        "name": "Sunlight Sensitivity",
        "desc": "You have disadvantage on attack rolls and on Wisdom (Perception) checks that rely on sight when you, the target of your attack, or whatever you are trying to perceive is in direct sunlight."
      },
      {
        "name": "Duergar Magic",
        "desc": "When you reach 3rd level, you can cast the enlarge/reduce spell on yourself once with this trait, using only the spell’s enlarge option. When you reach 5th level, you can cast the invisibility spell on yourself once with this trait. You don’t need material components for either spell, and you can’t cast them while you’re in direct sunlight, although sunlight has no effect on them once cast. You regain the ability to cast these spells with this trait when you finish a long rest. Intelligence is your spellcasting ability for these spells."
      },
      {
        "name": "Ability Score Increase",
        "desc": "Your Strength score increases by 1, and your Constitution score increases by 2."
      },
      {
        "name": "Age",
        "desc": "Dwarves mature at the same rate as humans, but they’re considered young until they reach the age of 50. On average, they live about 350 years."
      },
      {
        "name": "Alignment",
        "desc": "Most dwarves are lawful, believing firmly in the benefits of a well-ordered society. They tend toward good as well, with a strong sense of fair play and a belief that everyone deserves to share in the benefits of a just order."
      },
      {
        "name": "Size",
        "desc": "Dwarves stand between 4 and 5 feet tall and average about 150 pounds. Your size is Medium."
      },
      {
        "name": "Speed",
        "desc": "Your base walking speed is 25 feet. Your speed is not reduced by wearing heavy armor."
      },
      {
        "name": "Languages",
        "desc": "You can speak, read, and write Common, Undercommon, and Dwarvish. Dwarvish is full of hard consonants and guttural sounds, and those characteristics spill over into whatever other language a dwarf might speak."
      }
    ]
  },
  {
    "name": "Dwarf (Mountain)",
    "speed": 30,
    "ability_bonuses": [
      2,0,2,0,0,0
    ],
    "flex_ability_bonuses": null,
    "traits": [
      {
        "name": "Darkvision",
        "desc": "Accustomed to life underground, you have superior vision in dark and dim conditions. You can see in dim light within 60 feet of you as if it were bright light, and in darkness as if it were dim light. You can’t discern color in darkness, only shades of gray."
      },
      {
        "name": "Dwarven Resilience",
        "desc": "You have advantage on saving throws against poison, and you have resistance against poison damage."
      },
      {
        "name": "Dwarven Combat and Armor Training",
        "desc": "You have proficiency with the battleaxe, handaxe, light hammer, warhammer, light armor, and medium armor."
      },
      {
        "name": "Tool Proficiency",
        "desc": "You gain proficiency with the artisan’s tools of your choice: smith’s tools, brewer’s supplies, or mason’s tools."
      },
      {
        "name": "Stonecunning",
        "desc": "Whenever you make an Intelligence (History) check related to the origin of stonework, you are considered proficient in the History skill and add double your proficiency bonus to the check, instead of your normal proficiency bonus."
      },
      {
        "name": "Ability Score Increase",
        "desc": "Your Strength and Constitution scores increase by 2."
      },
      {
        "name": "Age",
        "desc": "Dwarves mature at the same rate as humans, but they’re considered young until they reach the age of 50. On average, they live about 350 years."
      },
      {
        "name": "Alignment",
        "desc": "Most dwarves are lawful, believing firmly in the benefits of a well-ordered society. They tend toward good as well, with a strong sense of fair play and a belief that everyone deserves to share in the benefits of a just order."
      },
      {
        "name": "Size",
        "desc": "Dwarves stand between 4 and 5 feet tall and average about 150 pounds. Your size is Medium."
      },
      {
        "name": "Speed",
        "desc": "Your base walking speed is 25 feet. Your speed is not reduced by wearing heavy armor."
      },
      {
        "name": "Languages",
        "desc": "You can speak, read, and write Common and Dwarvish. Dwarvish is full of hard consonants and guttural sounds, and those characteristics spill over into whatever other language a dwarf might speak."
      }
    ]
  },
  {
    "name": "Elf",
    "speed": 30,
    "ability_bonuses": [
      0,2,0,0,0,0
    ],
    "flex_ability_bonuses": null,
    "traits": [
      {
        "name": "Darkvision",
        "desc": "Accustomed to twilit forests and the night sky, you have superior vision in dark and dim conditions. You can see in dim light within 60 feet of you as if it were bright light, and in darkness as if it were dim light. You can’t discern color in darkness, only shades of gray."
      },
      {
        "name": "Keen Senses",
        "desc": "You have proficiency in the Perception skill."
      },
      {
        "name": "Fey Ancestry",
        "desc": "You have advantage on saving throws against being charmed, and magic can’t put you to sleep."
      },
      {
        "name": "Trance",
        "desc": "Elves don’t need to sleep. Instead, they meditate deeply, remaining semiconscious, for 4 hours a day. (The Common word for such meditation is “trance.”) While meditating, you can dream after a fashion; such dreams are actually mental exercises that have become reflexive through years of practice. After resting in this way, you gain the same benefit that a human does from 8 hours of sleep."
      },
      {
        "name": "Ability Score Increase",
        "desc": "Your Dexterity score increases by 2."
      },
      {
        "name": "Age",
        "desc": "Although elves reach physical maturity at about the same age as humans, the elven understanding of adulthood goes beyond physical growth to encompass worldly experience. An elf typically claims adulthood and an adult name around the age of 100 and can live to be 750 years old."
      },
      {
        "name": "Alignment",
        "desc": "Elves love freedom, variety, and self-expression, so they lean strongly toward the gentler aspects of chaos. They value and protect others’ freedom as well as their own, and they are more often good than not. The drow are an exception; their exile into the Underdark has made them vicious and dangerous. Drow are more often evil than not."
      },
      {
        "name": "Size",
        "desc": "Elves range from under 5 to over 6 feet tall and have slender builds. Your size is Medium."
      },
      {
        "name": "Speed",
        "desc": "Your base walking speed is 30 feet."
      },
      {
        "name": "Languages",
        "desc": "You can speak, read, and write Common and Elvish. Elvish is fluid, with subtle intonations and intricate grammar. Elven literature is rich and varied, and their songs and poems are famous among other races. Many bards learn their language so they can add Elvish ballads to their repertoires."
      }
    ]
  },
  {
    "name": "Elf (Dark)",
    "speed": 30,
    "ability_bonuses": [
      0,2,0,0,0,1
    ],
    "flex_ability_bonuses": null,
    "traits": [
      {
        "name": "Superior Darkvision",
        "desc": "Accustomed to the underdark, you have superior vision in dark and dim conditions. You can see in dim light within 120 feet of you as if it were bright light, and in darkness as if it were dim light. You can’t discern color in darkness, only shades of gray."
      },
      {
        "name": "Sunlight Sensitivity",
        "desc": "You have disadvantage on attack rolls and on Wisdom (Perception) checks that rely on sight when you, the target of your attack, or whatever you are trying to perceive is in direct sunlight."
      },
      {
        "name": "Drow Magic",
        "desc": "You know the dancing lights cantrip. When you reach 3rd level, you can cast the faerie fire spell once with this trait and regain the ability to do so when you finish a long rest. When you reach 5th level, you can cast the darkness spell once with this trait and regain the ability to do so when you finish a long rest. Charisma is your spellcasting ability for these spells."
      },
      {
        "name": "Drow Weapon Training",
        "desc": "You have proficiency with rapiers, shortswords, and hand crossbows."
      },
      {
        "name": "Keen Senses",
        "desc": "You have proficiency in the Perception skill."
      },
      {
        "name": "Fey Ancestry",
        "desc": "You have advantage on saving throws against being charmed, and magic can’t put you to sleep."
      },
      {
        "name": "Trance",
        "desc": "Elves don’t need to sleep. Instead, they meditate deeply, remaining semiconscious, for 4 hours a day. (The Common word for such meditation is “trance.”) While meditating, you can dream after a fashion; such dreams are actually mental exercises that have become reflexive through years of practice. After resting in this way, you gain the same benefit that a human does from 8 hours of sleep."
      },
      {
        "name": "Ability Score Increase",
        "desc": "Your Dexterity score increases by 2, and your Charisma score increases by 1."
      },
      {
        "name": "Age",
        "desc": "Although elves reach physical maturity at about the same age as humans, the elven understanding of adulthood goes beyond physical growth to encompass worldly experience. An elf typically claims adulthood and an adult name around the age of 100 and can live to be 750 years old."
      },
      {
        "name": "Alignment",
        "desc": "Elves love freedom, variety, and self-expression, so they lean strongly toward the gentler aspects of chaos. They value and protect others’ freedom as well as their own, and they are more often good than not. The drow are an exception; their exile into the Underdark has made them vicious and dangerous. Drow are more often evil than not."
      },
      {
        "name": "Size",
        "desc": "Elves range from under 5 to over 6 feet tall and have slender builds. Your size is Medium."
      },
      {
        "name": "Speed",
        "desc": "Your base walking speed is 30 feet."
      },
      {
        "name": "Languages",
        "desc": "You can speak, read, and write Common and Elvish. Elvish is fluid, with subtle intonations and intricate grammar. Elven literature is rich and varied, and their songs and poems are famous among other races. Many bards learn their language so they can add Elvish ballads to their repertoires."
      }
    ]
  },
  {
    "name": "Elf (Eladrin)",
    "speed": 30,
    "ability_bonuses": [
      0,2,0,0,0,1
    ],
    "flex_ability_bonuses": null,
    "traits": [
      {
        "name": "Far Step",
        "desc": "As a bonus action, you can magically teleport up to 30 feet to an unoccupied space you can see. Once you use this trait, you can’t do so again until you finish a short or long rest. \nWhen you reach 3rd level, your Fey Step gains an additional effect based on your season; if the effect requires a saving throw, the DC equals 8 + your proficiency bonus + your Charisma modifier: \nAutumn: After Fey Step, up to two creatures of your choice that you can see within 10 feet make a Wisdom saving throw or be charmed by you for 1 minute, or until receiving damage. \nWinter: Just as you Fey Step, a creature within 5 feet you can see must make a Wisom save or be frightened until the end of your turn. \nSpring: When you Fey Step, you can touch a willing creature and teleport them instead to an unoccupied space within 30 feet. \nSummer: After Fey Step each creature of your choice within 5 feet you can see takes fire damage equal to your charisma modifier."
      },
      {
        "name": "Darkvision",
        "desc": "Accustomed to twilit forests and the night sky, you have superior vision in dark and dim conditions. You can see in dim light within 60 feet of you as if it were bright light, and in darkness as if it were dim light. You can’t discern color in darkness, only shades of gray."
      },
      {
        "name": "Keen Senses",
        "desc": "You have proficiency in the Perception skill."
      },
      {
        "name": "Fey Ancestry",
        "desc": "You have advantage on saving throws against being charmed, and magic can’t put you to sleep."
      },
      {
        "name": "Trance",
        "desc": "Elves don’t need to sleep. Instead, they meditate deeply, remaining semiconscious, for 4 hours a day. (The Common word for such meditation is “trance.”) While meditating, you can dream after a fashion; such dreams are actually mental exercises that have become reflexive through years of practice. After resting in this way, you gain the same benefit that a human does from 8 hours of sleep."
      },
      {
        "name": "Ability Score Increase",
        "desc": "Your Dexterity score increases by 2, and your Charisma score increases by 1."
      },
      {
        "name": "Age",
        "desc": "Although elves reach physical maturity at about the same age as humans, the elven understanding of adulthood goes beyond physical growth to encompass worldly experience. An elf typically claims adulthood and an adult name around the age of 100 and can live to be 750 years old."
      },
      {
        "name": "Alignment",
        "desc": "Elves love freedom, variety, and self-expression, so they lean strongly toward the gentler aspects of chaos. They value and protect others’ freedom as well as their own, and they are more often good than not. The drow are an exception; their exile into the Underdark has made them vicious and dangerous. Drow are more often evil than not."
      },
      {
        "name": "Size",
        "desc": "Elves range from under 5 to over 6 feet tall and have slender builds. Your size is Medium."
      },
      {
        "name": "Speed",
        "desc": "Your base walking speed is 30 feet."
      },
      {
        "name": "Languages",
        "desc": "You can speak, read, and write Common and Elvish. Elvish is fluid, with subtle intonations and intricate grammar. Elven literature is rich and varied, and their songs and poems are famous among other races. Many bards learn their language so they can add Elvish ballads to their repertoires."
      }
    ]
  },
  {
    "name": "Elf (Sea)",
    "speed": 30,
    "ability_bonuses": [
      0,2,1,0,0,0
    ],
    "flex_ability_bonuses": null,
    "traits": [
      {
        "name": "Darkvision",
        "desc": "Accustomed to twilit forests and the night sky, you have superior vision in dark and dim conditions. You can see in dim light within 60 feet of you as if it were bright light, and in darkness as if it were dim light. You can’t discern color in darkness, only shades of gray."
      },
      {
        "name": "Sea Elf Training",
        "desc": "You have proficiency with the spear, trident, light crossbow, and net."
      },
      {
        "name": "Child of the Sea",
        "desc": "You have a swimming speed of 30 feet, and you can breathe air and water."
      },
      {
        "name": "Friend of the Sea",
        "desc": "Using gestures and sounds, you can communicate simple ideas with any beast that has an innate swimming speed."
      },
      {
        "name": "Keen Senses",
        "desc": "You have proficiency in the Perception skill."
      },
      {
        "name": "Fey Ancestry",
        "desc": "You have advantage on saving throws against being charmed, and magic can’t put you to sleep."
      },
      {
        "name": "Trance",
        "desc": "Elves don’t need to sleep. Instead, they meditate deeply, remaining semiconscious, for 4 hours a day. (The Common word for such meditation is “trance.”) While meditating, you can dream after a fashion; such dreams are actually mental exercises that have become reflexive through years of practice. After resting in this way, you gain the same benefit that a human does from 8 hours of sleep."
      },
      {
        "name": "Ability Score Increase",
        "desc": "Your Dexterity score increases by 2, and your Constitution score increases by 1."
      },
      {
        "name": "Age",
        "desc": "Although elves reach physical maturity at about the same age as humans, the elven understanding of adulthood goes beyond physical growth to encompass worldly experience. An elf typically claims adulthood and an adult name around the age of 100 and can live to be 750 years old."
      },
      {
        "name": "Alignment",
        "desc": "Elves love freedom, variety, and self-expression, so they lean strongly toward the gentler aspects of chaos. They value and protect others’ freedom as well as their own, and they are more often good than not. The drow are an exception; their exile into the Underdark has made them vicious and dangerous. Drow are more often evil than not."
      },
      {
        "name": "Size",
        "desc": "Elves range from under 5 to over 6 feet tall and have slender builds. Your size is Medium."
      },
      {
        "name": "Speed",
        "desc": "Your base walking speed is 30 feet."
      },
      {
        "name": "Languages",
        "desc": "You can speak, read, and write Common, Aquan and Elvish. Elvish is fluid, with subtle intonations and intricate grammar. Elven literature is rich and varied, and their songs and poems are famous among other races. Many bards learn their language so they can add Elvish ballads to their repertoires."
      }
    ]
  },
  {
    "name": "Elf (Shadar-kai)",
    "speed": 30,
    "ability_bonuses": [
      0,2,1,0,0,0
    ],
    "flex_ability_bonuses": null,
    "traits": [
      {
        "name": "Darkvision",
        "desc": "Accustomed to twilit forests and the night sky, you have superior vision in dark and dim conditions. You can see in dim light within 60 feet of you as if it were bright light, and in darkness as if it were dim light. You can’t discern color in darkness, only shades of gray."
      },
      {
        "name": "Blessing of the Raven Queen",
        "desc": "As a bonus action, you can magically teleport up to 30 feet to an unoccupied space you can see. Once you use this trait, you can’t do so again until you finish a long rest. \nStarting at 3rd level, you also gain resistance to all damage when you teleport using this trait. The resistance lasts until the start of your next turn. During that time, you appear ghostly and translucent."
      },
      {
        "name": "Necrotic Resistance",
        "desc": "You have resistance to necrotic damage."
      },
      {
        "name": "Keen Senses",
        "desc": "You have proficiency in the Perception skill."
      },
      {
        "name": "Fey Ancestry",
        "desc": "You have advantage on saving throws against being charmed, and magic can’t put you to sleep."
      },
      {
        "name": "Trance",
        "desc": "Elves don’t need to sleep. Instead, they meditate deeply, remaining semiconscious, for 4 hours a day. (The Common word for such meditation is “trance.”) While meditating, you can dream after a fashion; such dreams are actually mental exercises that have become reflexive through years of practice. After resting in this way, you gain the same benefit that a human does from 8 hours of sleep."
      },
      {
        "name": "Ability Score Increase",
        "desc": "Your Dexterity score increases by 2, and your Constitution score increases by 1."
      },
      {
        "name": "Age",
        "desc": "Although elves reach physical maturity at about the same age as humans, the elven understanding of adulthood goes beyond physical growth to encompass worldly experience. An elf typically claims adulthood and an adult name around the age of 100 and can live to be 750 years old."
      },
      {
        "name": "Alignment",
        "desc": "Elves love freedom, variety, and self-expression, so they lean strongly toward the gentler aspects of chaos. They value and protect others’ freedom as well as their own, and they are more often good than not. The drow are an exception; their exile into the Underdark has made them vicious and dangerous. Drow are more often evil than not."
      },
      {
        "name": "Size",
        "desc": "Elves range from under 5 to over 6 feet tall and have slender builds. Your size is Medium."
      },
      {
        "name": "Speed",
        "desc": "Your base walking speed is 30 feet."
      },
      {
        "name": "Languages",
        "desc": "You can speak, read, and write Common and Elvish. Elvish is fluid, with subtle intonations and intricate grammar. Elven literature is rich and varied, and their songs and poems are famous among other races. Many bards learn their language so they can add Elvish ballads to their repertoires."
      }
    ]
  },
  {
    "name": "Elf (Wood)",
    "speed": 35,
    "ability_bonuses": [
      0,2,0,0,1,0
    ],
    "flex_ability_bonuses": null,
    "traits": [
      {
        "name": "Darkvision",
        "desc": "Accustomed to twilit forests and the night sky, you have superior vision in dark and dim conditions. You can see in dim light within 60 feet of you as if it were bright light, and in darkness as if it were dim light. You can’t discern color in darkness, only shades of gray."
      },
      {
        "name": "Elf Weapon Training",
        "desc": "You have proficiency with the longsword, shortsword, shortbow, and longbow."
      },
      {
        "name": "Fleet of Foot",
        "desc": "Your base walking speed increases to 35 feet."
      },
      {
        "name": "Mask of the Wild",
        "desc": "You can attempt to hide even when you are only lightly obscured by foliage, heavy rain, falling snow, mist, and other natural phenomena."
      },
      {
        "name": "Keen Senses",
        "desc": "You have proficiency in the Perception skill."
      },
      {
        "name": "Fey Ancestry",
        "desc": "You have advantage on saving throws against being charmed, and magic can’t put you to sleep."
      },
      {
        "name": "Trance",
        "desc": "Elves don’t need to sleep. Instead, they meditate deeply, remaining semiconscious, for 4 hours a day. (The Common word for such meditation is “trance.”) While meditating, you can dream after a fashion; such dreams are actually mental exercises that have become reflexive through years of practice. After resting in this way, you gain the same benefit that a human does from 8 hours of sleep."
      },
      {
        "name": "Ability Score Increase",
        "desc": "Your Dexterity score increases by 2, and your Wisdom score increases by 1."
      },
      {
        "name": "Age",
        "desc": "Although elves reach physical maturity at about the same age as humans, the elven understanding of adulthood goes beyond physical growth to encompass worldly experience. An elf typically claims adulthood and an adult name around the age of 100 and can live to be 750 years old."
      },
      {
        "name": "Alignment",
        "desc": "Elves love freedom, variety, and self-expression, so they lean strongly toward the gentler aspects of chaos. They value and protect others’ freedom as well as their own, and they are more often good than not. The drow are an exception; their exile into the Underdark has made them vicious and dangerous. Drow are more often evil than not."
      },
      {
        "name": "Size",
        "desc": "Elves range from under 5 to over 6 feet tall and have slender builds. Your size is Medium."
      },
      {
        "name": "Speed",
        "desc": "Your base walking speed is 30 feet."
      },
      {
        "name": "Languages",
        "desc": "You can speak, read, and write Common and Elvish. Elvish is fluid, with subtle intonations and intricate grammar. Elven literature is rich and varied, and their songs and poems are famous among other races. Many bards learn their language so they can add Elvish ballads to their repertoires."
      }
    ]
  },
  {
    "name": "Genasi (Air)",
    "speed": 30,
    "ability_bonuses": [
      0,1,2,0,0,0
    ],
    "flex_ability_bonuses": null,
    "traits": [
      {
        "name": "Ability Score Increase",
        "desc": "Your Constitution score increases by 2, and your Dexterity score increases by 1."
      },
      {
        "name": "Unending Breath",
        "desc": "You can hold your breath indefinitely while you’re not incapacitated."
      },
      {
        "name": "Mingle with the Wind",
        "desc": "You can cast the levitate spell once with this trait, requiring no material components, and you regain the ability to cast it this way when you finish a long rest. Constitution is your spellcasting ability for this spell."
      },
      {
        "name": "Age",
        "desc": "Genasi mature at about the same rate as humans and reach adulthood in their late teens. They live somewhat longer than humans do, up to 120 years."
      },
      {
        "name": "Alignment",
        "desc": "Independent and self-reliant, genasi tend toward a neutral alignment."
      },
      {
        "name": "Size",
        "desc": "Genasi are as varied as their mortal parents but are generally built like humans, standing anywhere from 5 feet to over 6 feet tall. Your size is Medium."
      },
      {
        "name": "Speed",
        "desc": "Your base walking speed is 30 feet."
      },
      {
        "name": "Languages",
        "desc": "You can speak, read, and write Common and Primordial. Primordial is a guttural language, filled with harsh syllables and hard consonants."
      }
    ]
  },
  {
    "name": "Genasi (Earth)",
    "speed": 30,
    "ability_bonuses": [
      1,0,2,0,0,0
    ],
    "flex_ability_bonuses": null,
    "traits": [
      {
        "name": "Ability Score Increase",
        "desc": "Your Constitution score increases by 2, and your Strength score increases by 1."
      },
      {
        "name": "Earth Walk",
        "desc": "You can move across difficult terrain made of earth or stone without expending extra movement."
      },
      {
        "name": "Merge with Stone",
        "desc": "You can cast the pass without trace spell once with this trait, requiring no material components, and you regain the ability to cast it this way when you finish a long rest. Constitution is your spellcasting ability for this spell."
      },
      {
        "name": "Age",
        "desc": "Genasi mature at about the same rate as humans and reach adulthood in their late teens. They live somewhat longer than humans do, up to 120 years."
      },
      {
        "name": "Alignment",
        "desc": "Independent and self-reliant, genasi tend toward a neutral alignment."
      },
      {
        "name": "Size",
        "desc": "Genasi are as varied as their mortal parents but are generally built like humans, standing anywhere from 5 feet to over 6 feet tall. Your size is Medium."
      },
      {
        "name": "Speed",
        "desc": "Your base walking speed is 30 feet."
      },
      {
        "name": "Languages",
        "desc": "You can speak, read, and write Common and Primordial. Primordial is a guttural language, filled with harsh syllables and hard consonants."
      }
    ]
  },
  {
    "name": "Genasi (Fire)",
    "speed": 30,
    "ability_bonuses": [
      0,0,2,1,0,0
    ],
    "flex_ability_bonuses": null,
    "traits": [
      {
        "name": "Ability Score Increase",
        "desc": "Your Constitution score increases by 2, and your Intelligence score increases by 1."
      },
      {
        "name": "Darkvision",
        "desc": "You can see in dim light within 60 feet of you as if it were bright light, and in darkness as if it were dim light. Your ties to the Elemental Plane of Fire make your darkvision unusual: everything you see in darkness is in a shade of red."
      },
      {
        "name": "Fire Resistance",
        "desc": "You have resistance to fire damage."
      },
      {
        "name": "Reach to the Blaze",
        "desc": "You know the produce flame cantrip. Once you reach 3rd level, you can cast the burning hands spell once with this trait as a 1st-level spell, and you regain the ability to cast it this way when you finish a long rest. Constitution is your spellcasting ability for these spells."
      },
      {
        "name": "Age",
        "desc": "Genasi mature at about the same rate as humans and reach adulthood in their late teens. They live somewhat longer than humans do, up to 120 years."
      },
      {
        "name": "Alignment",
        "desc": "Independent and self-reliant, genasi tend toward a neutral alignment."
      },
      {
        "name": "Size",
        "desc": "Genasi are as varied as their mortal parents but are generally built like humans, standing anywhere from 5 feet to over 6 feet tall. Your size is Medium."
      },
      {
        "name": "Speed",
        "desc": "Your base walking speed is 30 feet."
      },
      {
        "name": "Languages",
        "desc": "You can speak, read, and write Common and Primordial. Primordial is a guttural language, filled with harsh syllables and hard consonants."
      }
    ]
  },
  {
    "name": "Genasi (Water)",
    "speed": 30,
    "ability_bonuses": [
      0,0,2,0,1,0
    ],
    "flex_ability_bonuses": null,
    "traits": [
      {
        "name": "Ability Score Increase",
        "desc": "Your Constitution score increases by 2, and your Wisdom score increases by 1."
      },
      {
        "name": "Amphibious",
        "desc": "You can breathe air and water."
      },
      {
        "name": "Acid Resistance",
        "desc": "You have resistance to acid damage."
      },
      {
        "name": "Call to the Wave",
        "desc": "You know the shape water cantrip. When you reach 3rd level, you can cast the create or destroy water spell as a 2nd-level spell once with this trait, and you regain the ability to cast it this way when you finish a long rest. Constitution is your spellcasting ability for these spells."
      },
      {
        "name": "Age",
        "desc": "Genasi mature at about the same rate as humans and reach adulthood in their late teens. They live somewhat longer than humans do, up to 120 years."
      },
      {
        "name": "Alignment",
        "desc": "Independent and self-reliant, genasi tend toward a neutral alignment."
      },
      {
        "name": "Size",
        "desc": "Genasi are as varied as their mortal parents but are generally built like humans, standing anywhere from 5 feet to over 6 feet tall. Your size is Medium."
      },
      {
        "name": "Speed",
        "desc": "Your base walking speed and swimming speed of 30 feet."
      },
      {
        "name": "Languages",
        "desc": "You can speak, read, and write Common and Primordial. Primordial is a guttural language, filled with harsh syllables and hard consonants."
      }
    ]
  },
  {
    "name": "Gith (Yanki)",
    "speed": 30,
    "ability_bonuses": [
      2,0,0,1,0,0
    ],
    "flex_ability_bonuses": null,
    "traits": [
      {
        "name": "Decadent Mastery",
        "desc": "You learn one language of your choice, and you are proficient with one skill or tool of your choice. In the timeless city of Tu’narath, githyanki have bountiful time to master odd bits of knowledge."
      },
      {
        "name": "Martial Prodigy",
        "desc": "You are proficient with light and medium armor and with shortswords, longswords, and greatswords."
      },
      {
        "name": "Githyanki Psionics",
        "desc": "You know the mage hand cantrip, and the hand is invisible when you cast the cantrip with this trait. \nWhen you reach 3rd level, you can cast the jump spell once with this trait, and you regain the ability to do so when you finish a long rest. When you reach 5th level, you can cast the misty step spell once with this trait, and you regain the ability to do so when you finish a long rest.\nIntelligence is your spellcasting ability for these spells. When you cast them with this trait, they don’t require components."
      },
      {
        "name": "Ability Score Increase",
        "desc": "Your Strength score increases by 2, and your Intelligence score increases by 1."
      },
      {
        "name": "Age",
        "desc": "Gith reach adulthood in their late teens and live for about a century."
      },
      {
        "name": "Alignment",
        "desc": "Githyanki tend toward lawful evil. They are aggressive and arrogant, and they remain the faithful servants of their lich-queen, Vlaakith. Renegade githyanki tend toward chaos."
      },
      {
        "name": "Size",
        "desc": "Gith are taller and leaner than humans, with most a slender 6 feet in height."
      },
      {
        "name": "Speed",
        "desc": "Your base walking speed is 30 feet."
      },
      {
        "name": "Languages",
        "desc": "You can speak, read, and write Common and Gith."
      }
    ]
  },
  {
    "name": "Gith (Zerai)",
    "speed": 30,
    "ability_bonuses": [
      0,0,0,1,2,0
    ],
    "flex_ability_bonuses": null,
    "traits": [
      {
        "name": "Mental Discipline",
        "desc": "You have advantage on saving throws against the charmed and frightened conditions. Under the tutelage of monastic masters, githzerai learn to govern their own minds."
      },
      {
        "name": "Githzerai Psionics",
        "desc": "You know the mage hand cantrip, and the hand is invisible when you cast the cantrip with this trait. \nWhen you reach 3rd level, you can cast the shield spell once with this trait, and you regain the ability to do so when you finish a long rest. When you reach 5th level, you can cast the detect thoughts spell once with this trait, and you regain the ability to do so when you finish a long rest. \nWisdom is your spellcasting ability for these spells. When you cast them with this trait, they don’t require components"
      },
      {
        "name": "Ability Score Increase",
        "desc": "Your Intelligence score increases by 1, and your Wisdom score increases by 2."
      },
      {
        "name": "Alignment",
        "desc": "Githzerai tend toward lawful neutral. Their rigorous training in psychic abilities requires an implacable mental discipline."
      },
      {
        "name": "Age",
        "desc": "Gith reach adulthood in their late teens and live for about a century."
      },
      {
        "name": "Size",
        "desc": "Gith are taller and leaner than humans, with most a slender 6 feet in height."
      },
      {
        "name": "Speed",
        "desc": "Your base walking speed is 30 feet."
      },
      {
        "name": "Languages",
        "desc": "You can speak, read, and write Common and Gith."
      }
    ]
  },
  {
    "name": "Gnome (Deep)",
    "speed": 25,
    "ability_bonuses": [
      0,1,0,2,0,0
    ],
    "flex_ability_bonuses": null,
    "traits": [
      {
        "name": "Superior Darkvision",
        "desc": "Accustomed to life underground, you have superior vision in dark and dim conditions. You can see in dim light within 120 feet of you as if it were bright light, and in darkness as if it were dim light. You can’t discern color in darkness, only shades of gray."
      },
      {
        "name": "Stone Camouflage",
        "desc": "You have advantage on Dexterity (Stealth) checks to hide in rocky terrain."
      },
      {
        "name": "Gnome Cunning",
        "desc": "You have advantage on all Intelligence, Wisdom, and Charisma saving throws against magic."
      },
      {
        "name": "Ability Score Increase",
        "desc": "Your Dexterity score increases by 1, and your Intelligence score increases by 2."
      },
      {
        "name": "Alignment",
        "desc": "Deep Gnomes believe that survival depends on avoiding entanglements with other creatures and not making enemies, so they favor neutral alignments. They rarely wish others ill, and they are unlikely to take risks on behalf of others."
      },
      {
        "name": "Age",
        "desc": "Deep gnomes are short-lived for gnomes. They mature at the same rate humans do and are considered full-grown adults by 25. They live 200 to 250 years, although hard toil and the dangers of the Underdark often claim them before their time."
      },
      {
        "name": "Size",
        "desc": "A typical Deep Gnome stands about 3 to 3½ feet tall and weighs 80 to 120 pounds. Your size is Small."
      },
      {
        "name": "Speed",
        "desc": "Your base walking speed is 25 feet."
      },
      {
        "name": "Languages",
        "desc": "You can speak, read, and write Common, Undercommon, and Gnomish. The Deep Gnome dialect is more guttural than surface Gnomish, and most know only a little bit of Common, but those who deal with outsiders (and that includes you as an adventurer) pick up enough Common to get by in other lands."
      }
    ]
  },
  {
    "name": "Gnome (Forest)",
    "speed": 25,
    "ability_bonuses": [
      0,1,0,2,0,0
    ],
    "flex_ability_bonuses": null,
    "traits": [
      {
        "name": "Darkvision",
        "desc": "Accustomed to life underground, you have superior vision in dark and dim conditions. You can see in dim light within 60 feet of you as if it were bright light, and in darkness as if it were dim light. You can’t discern color in darkness, only shades of gray."
      },
      {
        "name": "Natural Illusionist",
        "desc": "You know the minor illusion cantrip. Intelligence is your spellcasting ability for it."
      },
      {
        "name": "Gnome Cunning",
        "desc": "You have advantage on all Intelligence, Wisdom, and Charisma saving throws against magic."
      },
      {
        "name": "Speak with Small Beasts",
        "desc": "Through sounds and gestures, you can communicate simple ideas with Small or smaller beasts. Forest gnomes love animals and often keep squirrels, badgers, rabbits, moles, woodpeckers, and other creatures as beloved pets."
      },
      {
        "name": "Ability Score Increase",
        "desc": "Your Dexterity score increases by 1, and your Intelligence score increases by 2."
      },
      {
        "name": "Alignment",
        "desc": "Deep Gnomes believe that survival depends on avoiding entanglements with other creatures and not making enemies, so they favor neutral alignments. They rarely wish others ill, and they are unlikely to take risks on behalf of others."
      },
      {
        "name": "Age",
        "desc": "Deep gnomes are short-lived for gnomes. They mature at the same rate humans do and are considered full-grown adults by 25. They live 200 to 250 years, although hard toil and the dangers of the Underdark often claim them before their time."
      },
      {
        "name": "Size",
        "desc": "A typical Deep Gnome stands about 3 to 3½ feet tall and weighs 80 to 120 pounds. Your size is Small."
      },
      {
        "name": "Speed",
        "desc": "Your base walking speed is 25 feet."
      },
      {
        "name": "Languages",
        "desc": "You can speak, read, and write Common and Gnomish. The Gnomish language, which uses the Dwarvish script, is renowned for its technical treatises and its catalogs of knowledge about the natural world."
      }
    ]
  },
  {
    "name": "Half-Elf (Aquatic)",
    "speed": 30,
    "ability_bonuses": [
      0,0,0,0,0,2
    ],
    "flex_ability_bonuses": [1,1],
    "traits": [
      {
        "name": "Darkvision",
        "desc": "Accustomed to the underdark, you have superior vision in dark and dim conditions. You can see in dim light within 60 feet of you as if it were bright light, and in darkness as if it were dim light. You can’t discern color in darkness, only shades of gray."
      },
      {
        "name": "Fey Ancestry",
        "desc": "You have advantage on saving throws against being charmed, and magic can’t put you to sleep."
      },
      {
        "name": "Skill Versatility",
        "desc": "You gain proficiency in two skills of your choice, or can forgo it for a swimming speed of 30."
      },
      {
        "name": "Ability Score Increase",
        "desc": "Your Dexterity score increases by 2, and your Charisma score increases by 1."
      },
      {
        "name": "Age",
        "desc": "Half-elves mature at the same rate humans do and reach adulthood around the age of 20. They live much longer than humans, however, often exceeding 180 years."
      },
      {
        "name": "Alignment",
        "desc": "Half-elves share the chaotic bent of their elven heritage. They value both personal freedom and creative expression, demonstrating neither love of leaders nor desire for followers. They chafe at rules, resent others’ demands, and sometimes prove unreliable, or at least unpredictable."
      },
      {
        "name": "Size",
        "desc": "Half-elves are about the same size as humans, ranging from 5 to 6 feet tall. Your size is Medium."
      },
      {
        "name": "Speed",
        "desc": "Your base walking speed is 30 feet."
      },
      {
        "name": "Languages",
        "desc": "You can speak, read, and write Common, Elvish, and one extra language of your choice."
      }
    ]
  },
  {
    "name": "Half-Elf (Drow)",
    "speed": 30,
    "ability_bonuses": [
      0,0,0,0,0,2
    ],
    "flex_ability_bonuses": [1,1],
    "traits": [
      {
        "name": "Darkvision",
        "desc": "Accustomed to the underdark, you have superior vision in dark and dim conditions. You can see in dim light within 60 feet of you as if it were bright light, and in darkness as if it were dim light. You can’t discern color in darkness, only shades of gray."
      },
      {
        "name": "Fey Ancestry",
        "desc": "You have advantage on saving throws against being charmed, and magic can’t put you to sleep."
      },
      {
        "name": "Skill Versatility",
        "desc": "You gain proficiency in two skills of your choice. You can forgo this for Drow Magic."
      },
      {
        "name": "Drow Magic",
        "desc": "You know the dancing lights cantrip. When you reach 3rd level, you can cast the faerie fire spell once with this trait and regain the ability to do so when you finish a long rest. When you reach 5th level, you can cast the darkness spell once with this trait and regain the ability to do so when you finish a long rest. Charisma is your spellcasting ability for these spells."
      },
      {
        "name": "Ability Score Increase",
        "desc": "Your Dexterity score increases by 2, and your Charisma score increases by 1."
      },
      {
        "name": "Age",
        "desc": "Half-elves mature at the same rate humans do and reach adulthood around the age of 20. They live much longer than humans, however, often exceeding 180 years."
      },
      {
        "name": "Alignment",
        "desc": "Half-elves share the chaotic bent of their elven heritage. They value both personal freedom and creative expression, demonstrating neither love of leaders nor desire for followers. They chafe at rules, resent others’ demands, and sometimes prove unreliable, or at least unpredictable."
      },
      {
        "name": "Size",
        "desc": "Half-elves are about the same size as humans, ranging from 5 to 6 feet tall. Your size is Medium."
      },
      {
        "name": "Speed",
        "desc": "Your base walking speed is 30 feet."
      },
      {
        "name": "Languages",
        "desc": "You can speak, read, and write Common, Elvish, and one extra language of your choice."
      }
    ]
  },
  {
    "name": "Half-Elf (High)",
    "speed": 30,
    "ability_bonuses": [
      0,0,0,0,0,2
    ],
    "flex_ability_bonuses": [1,1],
    "traits": [
      {
        "name": "Darkvision",
        "desc": "Accustomed to the underdark, you have superior vision in dark and dim conditions. You can see in dim light within 60 feet of you as if it were bright light, and in darkness as if it were dim light. You can’t discern color in darkness, only shades of gray."
      },
      {
        "name": "Fey Ancestry",
        "desc": "You have advantage on saving throws against being charmed, and magic can’t put you to sleep."
      },
      {
        "name": "Skill Versatility",
        "desc": "You gain proficiency in two skills of your choice. A half-elf of moon elf or sun elf descent can forego Skill Versatility and instead choose the high elf’s Elf Weapon Training or Cantrip."
      },
      {
        "name": "Ability Score Increase",
        "desc": "Your Dexterity score increases by 2, and your Charisma score increases by 1."
      },
      {
        "name": "Age",
        "desc": "Half-elves mature at the same rate humans do and reach adulthood around the age of 20. They live much longer than humans, however, often exceeding 180 years."
      },
      {
        "name": "Alignment",
        "desc": "Half-elves share the chaotic bent of their elven heritage. They value both personal freedom and creative expression, demonstrating neither love of leaders nor desire for followers. They chafe at rules, resent others’ demands, and sometimes prove unreliable, or at least unpredictable."
      },
      {
        "name": "Size",
        "desc": "Half-elves are about the same size as humans, ranging from 5 to 6 feet tall. Your size is Medium."
      },
      {
        "name": "Speed",
        "desc": "Your base walking speed is 30 feet."
      },
      {
        "name": "Languages",
        "desc": "You can speak, read, and write Common, Elvish, and one extra language of your choice."
      }
    ]
  },
  {
    "name": "Half-Elf (Wood)",
    "speed": 30,
    "ability_bonuses": [
      0,0,0,0,0,2
    ],
    "flex_ability_bonuses": [1,1],
    "traits": [
      {
        "name": "Darkvision",
        "desc": "Accustomed to the underdark, you have superior vision in dark and dim conditions. You can see in dim light within 60 feet of you as if it were bright light, and in darkness as if it were dim light. You can’t discern color in darkness, only shades of gray."
      },
      {
        "name": "Fey Ancestry",
        "desc": "You have advantage on saving throws against being charmed, and magic can’t put you to sleep."
      },
      {
        "name": "Skill Versatility",
        "desc": "You gain proficiency in two skills of your choice. A half-elf of wood elf descent can forgo Skill Versatility and instead choose the wood elf’s Elf Weapon Training, Fleet of Foot, or Mask of the Wild."
      },
      {
        "name": "Ability Score Increase",
        "desc": "Your Dexterity score increases by 2, and your Charisma score increases by 1."
      },
      {
        "name": "Age",
        "desc": "Half-elves mature at the same rate humans do and reach adulthood around the age of 20. They live much longer than humans, however, often exceeding 180 years."
      },
      {
        "name": "Alignment",
        "desc": "Half-elves share the chaotic bent of their elven heritage. They value both personal freedom and creative expression, demonstrating neither love of leaders nor desire for followers. They chafe at rules, resent others’ demands, and sometimes prove unreliable, or at least unpredictable."
      },
      {
        "name": "Size",
        "desc": "Half-elves are about the same size as humans, ranging from 5 to 6 feet tall. Your size is Medium."
      },
      {
        "name": "Speed",
        "desc": "Your base walking speed is 30 feet."
      },
      {
        "name": "Languages",
        "desc": "You can speak, read, and write Common, Elvish, and one extra language of your choice."
      }
    ]
  },
  {
    "name": "Halfling (Ghostwise)",
    "speed": 25,
    "ability_bonuses": [
      0,2,0,0,1,0
    ],
    "flex_ability_bonuses": null,
    "traits": [
      {
        "name": "Lucky",
        "desc": "When you roll a 1 on the d20 for an attack roll, ability check, or saving throw, you can reroll the die and must use the new roll."
      },
      {
        "name": "Brave",
        "desc": "You have advantage on saving throws against being frightened."
      },
      {
        "name": "Halfling Nimbleness",
        "desc": "You can move through the space of any creature that is of a size larger than yours."
      },
      {
        "name": "Silent Speech",
        "desc": "You can speak telepathically to any creature within 30 feet of you. The creature understands you only if the two of you share a language. You can speak telepathically in this way to one creature at a time."
      },
      {
        "name": "Ability Score Increase",
        "desc": "Your Dexterity score increases by 2, and your Wisdom score by 1."
      },
      {
        "name": "Age",
        "desc": "A halfling reaches adulthood at the age of 20 and generally lives into the middle of his or her second century."
      },
      {
        "name": "Alignment",
        "desc": "Most halflings are lawful good. As a rule, they are good-hearted and kind, hate to see others in pain, and have no tolerance for oppression. They are also very orderly and traditional, leaning heavily on the support of their community and the comfort of their old ways."
      },
      {
        "name": "Size",
        "desc": "Halflings average about 3 feet tall and weigh about 40 pounds. Your size is Small."
      },
      {
        "name": "Speed",
        "desc": "Your base walking speed is 25 feet."
      },
      {
        "name": "Languages",
        "desc": "You can speak, read, and write Common, Elvish, and one extra language of your choice."
      }
    ]
  },
  {
    "name": "Halfling (Stout)",
    "speed": 25,
    "ability_bonuses": [
      0,2,1,0,0,0
    ],
    "flex_ability_bonuses": null,
    "traits": [
      {
        "name": "Lucky",
        "desc": "When you roll a 1 on the d20 for an attack roll, ability check, or saving throw, you can reroll the die and must use the new roll."
      },
      {
        "name": "Brave",
        "desc": "You have advantage on saving throws against being frightened."
      },
      {
        "name": "Halfling Nimbleness",
        "desc": "You can move through the space of any creature that is of a size larger than yours."
      },
      {
        "name": "Stout Resilience",
        "desc": "You can speak telepathically to any creature within 30 feet of you. The creature understands you only if the two of you share a language. You can speak telepathically in this way to one creature at a time."
      },
      {
        "name": "Ability Score Increase",
        "desc": "Your Dexterity score increases by 2, and your Constitution score by 1."
      },
      {
        "name": "Age",
        "desc": "A halfling reaches adulthood at the age of 20 and generally lives into the middle of his or her second century."
      },
      {
        "name": "Alignment",
        "desc": "Most halflings are lawful good. As a rule, they are good-hearted and kind, hate to see others in pain, and have no tolerance for oppression. They are also very orderly and traditional, leaning heavily on the support of their community and the comfort of their old ways."
      },
      {
        "name": "Size",
        "desc": "Halflings average about 3 feet tall and weigh about 40 pounds. Your size is Small."
      },
      {
        "name": "Speed",
        "desc": "Your base walking speed is 25 feet."
      },
      {
        "name": "Languages",
        "desc": "You can speak, read, and write Common, Elvish, and one extra language of your choice."
      }
    ]
  },
  {
    "name": "Hobgoblin",
    "speed": 25,
    "ability_bonuses": [
      0,2,0,1,0,0
    ],
    "flex_ability_bonuses": null,
    "traits": [
      {
        "name": "Darkvision",
        "desc": "You can see in dim light within 60 feet of you as if it were bright light, and in darkness as if it were dim light. You can’t discern color in darkness, only shades of gray."
      },
      {
        "name": "Martial Training",
        "desc": "You are proficient with two martial weapons of your choice and with light armor."
      },
      {
        "name": "Saving Face",
        "desc": "Hobgoblins are careful not to show weakness in front of their allies, for fear of losing status. If you miss with an attack roll or fail an ability check or a saving throw, you can gain a bonus to the roll equal to the number of allies you can see within 30 feet of you (maximum bonus of +5). Once you use this trait, you can’t use it again until you finish a short or long rest."
      },
      {
        "name": "Ability Score Increase",
        "desc": "Your Constitution score increases by 2, and your Intelligence score increases by 1."
      },
      {
        "name": "Age",
        "desc": "Hobgoblins mature at the same rate as humans and have lifespans similar in length to theirs."
      },
      {
        "name": "Alignment",
        "desc": "Hobgoblin society is built on fidelity to a rigid, unforgiving code of conduct. As such, they tend toward lawful evil."
      },
      {
        "name": "Size",
        "desc": "Hobgoblins are between 5 and 6 feet tall and weigh between 150 and 200 pounds. Your size is Medium."
      },
      {
        "name": "Speed",
        "desc": "Your base walking speed is 30 feet."
      },
      {
        "name": "Languages",
        "desc": "You can speak, read, and write Common and Goblin."
      }
    ]
  },
  {
    "name": "Human (Variant)",
    "speed": 30,
    "ability_bonuses": [
      0,0,0,0,0,0
    ],
    "flex_ability_bonuses": [1,1],
    "traits": [
      {
        "name": "Skills",
        "desc": "You gain proficiency in one skill of your choice."
      },
      {
        "name": "Feat",
        "desc": "You gain one feat of your choice."
      },
      {
        "name": "Ability Score Increase",
        "desc": "Two different ability scores of your choice increase by 1."
      },
      {
        "name": "Age",
        "desc": "Humans reach adulthood in their late teens and live less than a century."
      },
      {
        "name": "Alignment",
        "desc": "Humans tend toward no particular alignment. The best and the worst are found among them."
      },
      {
        "name": "Size",
        "desc": "Humans vary widely in height and build, from barely 5 feet to well over 6 feet tall. Regardless of your position in that range, your size is Medium."
      },
      {
        "name": "Speed",
        "desc": "Your base walking speed is 30 feet."
      },
      {
        "name": "Languages",
        "desc": "You can speak, read, and write Common and one extra language of your choice. Humans typically learn the languages of other peoples they deal with, including obscure dialects. They are fond of sprinkling their speech with words borrowed from other tongues: Orc curses, Elvish musical expressions, Dwarvish military phrases, and so on."
      }
    ]
  },
  {
    "name": "Kenku",
    "speed": 30,
    "ability_bonuses": [
      0,2,0,0,1,0
    ],
    "flex_ability_bonuses": null,
    "traits": [
      {
        "name": "Expert Forgery",
        "desc": "You can duplicate other creatures’ handwriting and craftwork. You have advantage on all checks made to produce forgeries or duplicates of existing objects."
      },
      {
        "name": "Kenku Training",
        "desc": "You are proficient in your choice of two of the following skills: Acrobatics, Deception, Stealth, and Sleight of Hand."
      },
      {
        "name": "Mimicry",
        "desc": "You can mimic sounds you have heard, including voices. A creature that hears the sounds you make can tell they are imitations with a successful Wisdom (Insight) check opposed by your Charisma (Deception) check."
      },
      {
        "name": "Ability Score Increase",
        "desc": "Two different ability scores of your choice increase by 1."
      },
      {
        "name": "Age",
        "desc": "Kenku have shorter lifespans than humans. They reach maturity at about 12 years old and can live to 60."
      },
      {
        "name": "Alignment",
        "desc": "Kenku are chaotic creatures, rarely making enduring commitments, and they care mostly for preserving their own hides. They are generally chaotic neutral in outlook."
      },
      {
        "name": "Size",
        "desc": "Kenku are around 5 feet tall and weigh between 90 and 120 pounds. Your size is Medium."
      },
      {
        "name": "Speed",
        "desc": "Your base walking speed is 30 feet."
      },
      {
        "name": "Languages",
        "desc": "You can read and write Common and Auran, but you can speak only by using your Mimicry trait."
      }
    ]
  },
  {
    "name": "Kobold",
    "speed": 30,
    "ability_bonuses": [
      2,-2,0,0,0,0
    ],
    "flex_ability_bonuses": null,
    "traits": [
      {
        "name": "Darkvision",
        "desc": "You can see in dim light within 60 feet of you as if it were bright light, and in darkness as if it were dim light. You can’t discern color in darkness, only shades of gray."
      },
      {
        "name": "Grovel, Cower, and Beg",
        "desc": "As an action on your turn, you can cower pathetically to distract nearby foes. Until the end of your next turn, your allies gain advantage on attack rolls against enemies within 10 feet of you that can see you. Once you use this trait, you can’t use it again until you finish a short or long rest."
      },
      {
        "name": "Pack Tactics",
        "desc": "You have advantage on an attack roll against a creature if at least one of your allies is within 5 feet of the creature and the ally isn’t incapacitated."
      },
      {
        "name": "Sunlight Sensitivity",
        "desc": "You have disadvantage on attack rolls and on Wisdom (Perception) checks that rely on sight when you, the target of your attack, or whatever you are trying to perceive is in direct sunlight."
      },
      {
        "name": "Ability Score Increase",
        "desc": "Your Dexterity score increases by 2, and your Strength score is reduced by 2."
      },
      {
        "name": "Age",
        "desc": "Kobolds reach adulthood at age 6 and can live up to 120 years but rarely do so."
      },
      {
        "name": "Alignment",
        "desc": "Kobolds are fundamentally selfish, making them evil, but their reliance on the strength of their group makes them trend toward law."
      },
      {
        "name": "Size",
        "desc": "Kobolds are between 2 and 3 feet tall and weigh between 25 and 35 pounds. Your size is Small."
      },
      {
        "name": "Speed",
        "desc": "Your base walking speed is 30 feet."
      },
      {
        "name": "Languages",
        "desc": "You can speak, read, and write Common and Draconic."
      }
    ]
  },
  {
    "name": "Lizardfolk",
    "speed": 30,
    "ability_bonuses": [
      0,0,2,0,1,0
    ],
    "flex_ability_bonuses": null,
    "traits": [
      {
        "name": "Bite",
        "desc": "Your fanged maw is a natural weapon, which you can use to make unarmed strikes. If you hit with it, you deal piercing damage equal to 1d6 + your Strength modifier, instead of the bludgeoning damage normal for an unarmed strike."
      },
      {
        "name": "Cunning Artisan",
        "desc": "As part of a short rest, you can harvest bone and hide from a slain beast, construct, dragon, monstrosity, or plant creature of size Small or larger to create one of the following items: a shield, a club, a javelin, or 1d4 darts or blowgun needles. To use this trait, you need a blade, such as a dagger, or appropriate artisan’s tools, such as leatherworker’s tools."
      },
      {
        "name": "Hold Breath",
        "desc": "You can hold your breath for up to 15 minutes at a time."
      },
      {
        "name": "Hunter’s Lore",
        "desc": "You gain proficiency with two of the following skills of your choice: Animal Handling, Nature, Perception, Stealth, and Survival."
      },
      {
        "name": "Natural Armor ",
        "desc": "You have tough, scaly skin. When you aren’t wearing armor, your AC is 13 + your Dexterity modifier. You can use your natural armor to determine your AC if the armor you wear would leave you with a lower AC. A shield’s benefits apply as normal while you use your natural armor."
      },
      {
        "name": "Hungry Jaws",
        "desc": "In battle, you can throw yourself into a vicious feeding frenzy. As a bonus action, you can make a special attack with your bite. If the attack hits, it deals its normal damage, and you gain temporary hit points (minimum of 1) equal to your Constitution modifier, and you can’t use this trait again until you finish a short or long rest."
      },
      {
        "name": "Ability Score Increase",
        "desc": "Your Constitution score increases by 2, and your Wisdom score increases by 1."
      },
      {
        "name": "Age",
        "desc": "Lizardfolk reach maturity around age 14 and rarely live longer than 60 years."
      },
      {
        "name": "Alignment",
        "desc": "Most lizardfolk are neutral. They see the world as a place of predators and prey, where life and death are natural processes. They wish only to survive, and prefer to leave other creatures to their own devices."
      },
      {
        "name": "Size",
        "desc": "Lizardfolk are a little bulkier and taller than humans, and their colorful frills make them appear even larger. Your size is Medium."
      },
      {
        "name": "Speed",
        "desc": "Your base walking speed is 30 feet, and you have a swimming speed of 30 feet."
      },
      {
        "name": "Languages",
        "desc": "You can speak, read, and write Common and Draconic."
      }
    ]
  },
  {
    "name": "Orc",
    "speed": 30,
    "ability_bonuses": [
      0,2,1,-2,0,0
    ],
    "flex_ability_bonuses": null,
    "traits": [
      {
        "name": "Darkvision",
        "desc": "You can see in dim light within 60 feet of you as if it were bright light, and in darkness as if it were dim light. You can’t discern color in darkness, only shades of gray."
      },
      {
        "name": "Aggressive",
        "desc": "As a bonus action, you can move up to your speed toward an enemy of your choice that you can see or hear. You must end this move closer to the enemy than you started."
      },
      {
        "name": "Menacing",
        "desc": "You are trained in the Intimidation skill."
      },
      {
        "name": "Powerful Build",
        "desc": "You count as one size larger when determining your carrying capacity and the weight you can push, drag, or lift."
      },
      {
        "name": "Ability Score Increase",
        "desc": "Your Strength score increases by 2, your Constitution score increases by 1, and your Intelligence score is reduced by 2."
      },
      {
        "name": "Age",
        "desc": "Orcs reach adulthood at age 12 and live up to 50 years."
      },
      {
        "name": "Alignment",
        "desc": "Orcs are vicious raiders, who believe that the world should be theirs. They also respect strength above all else and believe the strong must bully the weak to ensure that weakness does not spread like a disease. They are usually chaotic evil."
      },
      {
        "name": "Size",
        "desc": "Orcs are usually over 6 feet tall and weigh between 230 and 280 pounds. Your size is Medium."
      },
      {
        "name": "Speed",
        "desc": "Your base walking speed is 30 feet."
      },
      {
        "name": "Languages",
        "desc": "You can speak, read, and write Common and Orc."
      }
    ]
  },
  {
    "name": "Tortle",
    "speed": 30,
    "ability_bonuses": [
      2,0,0,1,0,0
    ],
    "flex_ability_bonuses": null,
    "traits": [
      {
        "name": "Claws",
        "desc": "Your claws are natural weapons, which you can use to make unarmed strikes. If you hit with them, you deal slashing damage equal to 1d4 + your Strength modifier, instead of the bludgeoning damage normal for an unarmed strike."
      },
      {
        "name": "Hold Breath",
        "desc": "You can hold your breath for up to 1 hour at a time. Tortles aren’t natural swimmers, but they can remain underwater for some time before needing to come up for air."
      },
      {
        "name": "Natural Armor",
        "desc": "Due to your shell and the shape of your body, you are ill-suited to wearing armor. Your shell provides ample protection, however; it gives you a base AC of 17 (your Dexterity modifier doesn’t affect this number). You gain no benefit from wearing armor, but if you are using a shield, you can apply the shield’s bonus as normal."
      },
      {
        "name": "Shell Defense",
        "desc": "You can withdraw into your shell as an action. Until you emerge, you gain a +4 bonus to AC, and you have advantage on Strength and Constitution saving throws. While in your shell, you are prone, your speed is 0 and can’t increase, you have disadvantage on Dexterity saving throws, you can’t take reactions, and the only action you can take is a bonus action to emerge from your shell."
      },
      {
        "name": "Survival Instinct",
        "desc": "You gain proficiency in the Survival skill. Tortles have finely honed survival instincts."
      },
      {
        "name": "Ability Score Increase",
        "desc": "Your Strength score increases by 2, and your Wisdom score increases by 1."
      },
      {
        "name": "Age",
        "desc": "Young tortles crawl for a few weeks after birth before learning to walk on two legs. They reach adulthood by the age of 15 and live an average of 50 years."
      },
      {
        "name": "Alignment",
        "desc": "Tortles tend to lead orderly, ritualistic lives. They develop customs and routines, becoming more set in their ways as they age. Most are lawful good. A few can be selfish and greedy, tending more toward evil, but it’s unusual for a tortle to shuck off order in favor of chaos."
      },
      {
        "name": "Size",
        "desc": "Tortle adults stand 5 to 6 feet tall and average 450 pounds. Their shells account for roughly one-third of their weight. Your size is Medium."
      },
      {
        "name": "Speed",
        "desc": "Your base walking speed is 30 feet."
      },
      {
        "name": "Languages",
        "desc": "You can speak, read, and write Aquan and Common."
      }
    ]
  },
  {
    "name": "Triton",
    "speed": 30,
    "ability_bonuses": [
      1,0,1,0,0,1
    ],
    "flex_ability_bonuses": null,
    "traits": [
      {
        "name": "Amphibious",
        "desc": "You can breathe air and water."
      },
      {
        "name": "Control Air and Water",
        "desc": "You can cast fog cloud with this trait. Starting at 3rd level, you can cast gust of wind with it, and starting at 5th level, you can also cast wall of water with it. Once you cast a spell with this trait, you can’t cast that spell with it again until you finish a long rest. Charisma is your spellcasting ability for these spells."
      },
      {
        "name": "Darkvision",
        "desc": "You can see in dim light within 60 feet of you as if it were bright light and in darkness as if it were dim light. You can’t discern color in darkness, only shades of gray."
      },
      {
        "name": "Emissary of the Sea",
        "desc": "Aquatic beasts have an extraordinary affinity with your people. You can communicate simple ideas with beasts that can breathe water. They can understand the meaning of your words, though you have no special ability to understand them in return."
      },
      {
        "name": "Guardians of the Depths",
        "desc": "Adapted to the frigid ocean depths, you have resistance to cold damage."
      },
      {
        "name": "Ability Score Increase",
        "desc": "Your Strength score increases by 2, and your Wisdom score increases by 1."
      },
      {
        "name": "Age",
        "desc": "Young tortles crawl for a few weeks after birth before learning to walk on two legs. They reach adulthood by the age of 15 and live an average of 50 years."
      },
      {
        "name": "Alignment",
        "desc": "Tortles tend to lead orderly, ritualistic lives. They develop customs and routines, becoming more set in their ways as they age. Most are lawful good. A few can be selfish and greedy, tending more toward evil, but it’s unusual for a tortle to shuck off order in favor of chaos."
      },
      {
        "name": "Size",
        "desc": "Tortle adults stand 5 to 6 feet tall and average 450 pounds. Their shells account for roughly one-third of their weight. Your size is Medium."
      },
      {
        "name": "Speed",
        "desc": "Your base walking speed is 30 feet."
      },
      {
        "name": "Languages",
        "desc": "You can speak, read, and write Common and Primordial."
      }
    ]
  },
  {
    "name": "Yuan-ti",
    "speed": 30,
    "ability_bonuses": [
      0,0,0,1,0,2
    ],
    "flex_ability_bonuses": null,
    "traits": [
      {
        "name": "Innate Spellcasting",
        "desc": "You know the poison spray cantrip. You can cast animal friendship an unlimited number of times with this trait, but you can target only snakes with it. Starting at 3rd level, you can also cast suggestion with this trait. Once you cast it, you can’t do so again until you finish a long rest. Charisma is your spellcasting ability for these spells."
      },
      {
        "name": "Magic Resistance",
        "desc": "You have advantage on saving throws against spells and other magical effects."
      },
      {
        "name": "Darkvision",
        "desc": "You can see in dim light within 60 feet of you as if it were bright light and in darkness as if it were dim light. You can’t discern color in darkness, only shades of gray."
      },
      {
        "name": "Poison Immunity",
        "desc": "You are immune to poison damage and the poisoned condition."
      },
      {
        "name": "Ability Score Increase",
        "desc": "Your Charisma score increases by 2, and your Intelligence score increases by 1."
      },
      {
        "name": "Age",
        "desc": "Purebloods mature at the same rate as humans and have lifespans similar in length to theirs."
      },
      {
        "name": "Alignment",
        "desc": "Purebloods are devoid of emotion and see others as tools to manipulate. They care little for law or chaos and are typically neutral evil."
      },
      {
        "name": "Size",
        "desc": "Purebloods match humans in average size and weight. Your size is Medium."
      },
      {
        "name": "Speed",
        "desc": "Your base walking speed is 30 feet."
      },
      {
        "name": "Languages",
        "desc": "You can speak, read, and write Common, Abyssal, and Draconic."
      }
    ]
  }
]